address1,address2,city,state,zip,country,website,industry,industryKey,industryDisp,sector,sectorKey,sectorDisp,longBusinessSummary,companyOfficers,compensationAsOfEpochDate,maxAge,priceHint,previousClose,open,dayLow,dayHigh,regularMarketPreviousClose,regularMarketOpen,regularMarketDayLow,regularMarketDayHigh,volume,regularMarketVolume,averageVolume,averageVolume10days,averageDailyVolume10Day,ask,marketCap,fiftyTwoWeekLow,fiftyTwoWeekHigh,priceToSalesTrailing12Months,fiftyDayAverage,twoHundredDayAverage,currency,enterpriseValue,profitMargins,floatShares,sharesOutstanding,sharesShort,sharesShortPriorMonth,sharesShortPreviousMonthDate,dateShortInterest,heldPercentInsiders,heldPercentInstitutions,shortRatio,impliedSharesOutstanding,bookValue,lastFiscalYearEnd,nextFiscalYearEnd,mostRecentQuarter,netIncomeToCommon,trailingEps,enterpriseToRevenue,enterpriseToEbitda,52WeekChange,SandP52WeekChange,exchange,quoteType,symbol,underlyingSymbol,shortName,longName,firstTradeDateEpochUtc,timeZoneFullName,timeZoneShortName,uuid,messageBoardId,gmtOffSetMilliseconds,currentPrice,recommendationKey,totalCash,totalCashPerShare,ebitda,totalDebt,quickRatio,currentRatio,totalRevenue,revenuePerShare,returnOnAssets,freeCashflow,operatingCashflow,revenueGrowth,grossMargins,ebitdaMargins,operatingMargins,financialCurrency,trailingPegRatio,Yahoo_ID,request_date,phone,fullTimeEmployees,beta,forwardPE,bid,sharesPercentSharesOut,priceToBook,forwardEps,recommendationMean,debtToEquity,returnOnEquity,fax,targetHighPrice,targetLowPrice,targetMeanPrice,targetMedianPrice,numberOfAnalystOpinions,lastSplitFactor,lastSplitDate,auditRisk,boardRisk,compensationRisk,shareHolderRightsRisk,overallRisk,governanceEpochDate,shortPercentOfFloat,pegRatio,earningsQuarterlyGrowth,earningsGrowth,trailingPE,dividendRate,dividendYield,exDividendDate,payoutRatio,trailingAnnualDividendRate,trailingAnnualDividendYield,lastDividendValue,lastDividendDate,fiveYearAvgDividendYield
44 Victoria Street,Suite 820,Toronto,ON,M5C 1Y2,Canada,https://www.jasperpim.com,Software - Application,software-application,Software - Application,Technology,technology,Technology,"Jasper Commerce Inc. provides software-as-a-service product information management (PIM) solutions in the United States, Canada, and internationally. The company's PIM solutions enables eCommerce retailers, wholesalers, or distributors to centralize, organize, and merchandise their products from a single central repository. Jasper Commerce Inc. is headquartered in Toronto, Canada.","{'maxAge': 1, 'name': 'Mr. Sean  Coutts', 'age': 53, 'title': 'President & COO', 'yearBorn': 1970, 'fiscalYear': 2022, 'totalPay': 195055, 'exercisedValue': 0, 'unexercisedValue': 0}",1672444800,86400,4,0.005,0.005,0.005,0.005,0.005,0.005,0.005,0.005,20000,20000,45453,2222,2222,0.005,290398,0.005,0.04,0.21573976,0.0062,0.016925,CAD,1073527,-1.7986901,36725485,58079600,63,1369,1692057600,1697155200,0.35231,0.0046,0.01,87119400,-0.023,1690761600,1722384000,1698710400,-2421145,-0.05,0.798,-0.46,-0.875,0.25222528,VAN,EQUITY,JPIM.V,JPIM.V,JASPER COMMERCE INC,Jasper Commerce Inc.,1645713000,America/Toronto,EST,738aa64d-dc70-3211-b95b-9586d58243ee,finmb_671305738,-18000000,0.005,none,199311,0.003,-2336130,982440,0.306,0.354,1346057,0.023,-1.20234,-1059680,-1930347,-0.247,0.75389,-1.73554,-1.1133599,CAD,,JPIM.V,2024-02-21,,,,,,,,,,,,,,,,,,,,,,,,,,,,,,,,,,,,,,,
151 John Street,,Barrie,ON,L4N 2L1,Canada,https://www.medipharmlabs.com,Drug Manufacturers - Specialty & Generic,drug-manufacturers-specialty-generic,Drug Manufacturers - Specialty & Generic,Healthcare,healthcare,Healthcare,"MediPharm Labs Corp., a pharmaceutical company, produces and sells pharmaceutical-quality cannabis oil and concentrates, and advanced derivative products in Canada and internationally. The company formulates, processes, packages, and distributes cannabis extracts and advanced cannabinoid-based products. It also provides GMP flower sourcing, packaging, and distribution services, as well as dried flower and pre-roll products. MediPharm Labs Corp. was founded in 2015 and is headquartered in Barrie, Canada.","{'maxAge': 1, 'name': 'Mr. David A. Pidduck', 'title': 'CEO & Director', 'fiscalYear': 2022, 'totalPay': 686362, 'exercisedValue': 0, 'unexercisedValue': 0}",1672444800,86400,4,0.07,0.065,0.065,0.07,0.07,0.065,0.065,0.07,317903,317903,231683,199850,199850,0.07,28089670,0.055,0.1,0.9506776,0.0668,0.07005,CAD,16577652,-0.53227,378347553,401280992,688633,636998,1703808000,1706659200,0.02481,0.00727,3.37,401280992,0.138,1672444800,1703980800,1696032000,-15727000,-0.05,0.561,-0.94,-0.17647058,0.25222528,TOR,EQUITY,LABS.TO,LABS.TO,MEDIPHARM LABS CORP,MediPharm Labs Corp.,1551709800,America/Toronto,EST,cb9100ff-f302-3a30-85a3-e25f5d2077e2,finmb_565153484,-18000000,0.07,hold,14232000,0.035,-17641000,2720000,1.86,3.275,29547000,0.09,-0.17785999,-1979750,-13981000,0.171,0.121300004,-0.59705,-0.55414003,CAD,,LABS.TO,2024-02-21,705-719-7425,130,1.159,-3.5,0.065,0.0017,0.5072464,-0.02,3,4.927,-0.2719,,,,,,,,,,,,,,,,,,,,,,,,,,,,
110 Yonge Street,Suite 1601,Toronto,ON,M5C 1T4,Canada,https://www.starroyalties.com,Other Precious Metals & Mining,other-precious-metals-mining,Other Precious Metals & Mining,Basic Materials,basic-materials,Basic Materials,"Star Royalties Ltd. operates as a precious metals and carbon credit royalty and streaming company. The company focuses on providing wealth creation through originating transaction structuring with alignment to both counterparties and shareholders. It specializes in bespoke and operator-friendly financing solutions, including originating and restructuring of royalties and streams in precious metals and in North American nature-based carbon offset projects. Star Royalties Ltd. was incorporated in 2018 and is headquartered in Toronto, Canada.","{'maxAge': 1, 'name': 'Mr. Anthony Hermann Lesiak B.Sc., M.B.A.', 'age': 53, 'title': 'Executive Chairman', 'yearBorn': 1970, 'fiscalYear': 2022, 'totalPay': 400000, 'exercisedValue': 0, 'unexercisedValue': 0}",1672444800,86400,4,0.275,0.28,0.28,0.28,0.275,0.28,0.28,0.28,41000,41000,61748,49630,49630,0.28,20989274,0.21,0.475,18.187002,0.3064,0.31495,CAD,18786132,-0.65659,66244408,74961696,90058,17572,1703808000,1706659200,0.2001,0.21700001,0.53,74961696,0.604,1672444800,1703980800,1696032000,-757755,-0.01,16.278,-12.599,-0.2948718,0.25222528,VAN,EQUITY,STRR.V,STRR.V,STAR ROYALTIES LTD,Star Royalties Ltd.,1613745000,America/Toronto,EST,6a775623-745c-3c1d-a7fe-184f4b31cdea,finmb_660251303,-18000000,0.28,none,1828337,0.024,-1491121,,3.696,3.772,1154081,0.016,-0.02762,86107,-621402,-0.187,1,-1.29204,-1.9164901,USD,,STRR.V,2024-02-21,647-494-5001,8,0.705,,0.275,0.0002,0.46357617,,,,-0.01684,,,,,,,,,,,,,,,,,,,,,,,,,,,,
The Canadian Venture Building,82 Richmond Street East,Toronto,ON,M5C 1P1,Canada,https://deveronuas.com,Information Technology Services,information-technology-services,Information Technology Services,Technology,technology,Technology,"Deveron Corp. provides data collection and analytics services to the agricultural industry in Canada and the United States. It offers data acquisition services and data analytics based on digital recommendations and data interpretations. The company provides data collection services, including data collection for soil sampling, drone data, etc. It also offers services in the areas of fertility sampling, agronomic insights, lab sciences, carbon, soil health, and field imagery. The company was formerly known as Deveron UAS Corp. and changed its name to Deveron Corp. in September 2020. Deveron Corp. was incorporated in 2011 and is headquartered in Toronto, Canada.","{'maxAge': 1, 'name': 'Mr. David A. MacMillan C.F.A.', 'age': 39, 'title': 'CEO, President, Secretary & Director', 'yearBorn': 1984, 'fiscalYear': 2022, 'totalPay': 395200, 'exercisedValue': 251000, 'unexercisedValue': 0}",1672444800,86400,4,0.175,0.175,0.175,0.18,0.175,0.175,0.175,0.18,50496,50496,173384,44740,44740,0.18,28154522,0.115,0.42,0.9688702,0.1684,0.2563125,CAD,98190624,-0.98073,129321272,156414000,430,20301,1703808000,1706659200,0.17735,0.073920004,,156414000,0.042,1688083200,1719705600,1696032000,-28499266,-0.1,3.379,-8.587,-0.527027,0.25222528,VAN,EQUITY,FARM.V,FARM.V,DEVERON CORP,Deveron Corp.,1354113000,America/Toronto,EST,b208498b-25cc-3201-9632-1f8cb1ec056d,finmb_183531292,-18000000,0.18,hold,895683,0.006,-11434398,46939484,0.352,0.442,29059126,0.198,,,-3842387,0.074,0.67029,-0.39349,-0.43137002,CAD,,FARM.V,2024-02-21,416-367-4571,218,1.393,-2.2500002,0.165,,4.2857146,-0.08,3,149.775,,416-367-5269,0.35,0.1,0.22,0.22,2,,,,,,,,,,,,,,,,,,,,,,
11127 - 15 Street N.E.,Unit 112,Calgary,AB,T3K 2M4,Canada,https://www.hightideinc.com,Pharmaceutical Retailers,pharmaceutical-retailers,Pharmaceutical Retailers,Healthcare,healthcare,Healthcare,"High Tide Inc. engages in the cannabis retail business in Canada, the United States, and internationally. The company operates through Retail and Wholesale segments. It operates licensed retail cannabis stores; and provides data analytics services. In addition, the company manufactures and distributes consumption accessories. Further, it sells its products through online sales via e-commerce platform. The company offers its products under the Daily High Club, DankStop, FABCBD, GC, Nuleaf, Smoke Cartel, and Blessed CBD brands. The company was formerly known as High Tide Ventures Inc. and changed its name to High Tide Inc. in October 2018. High Tide Inc. was founded in 2009 and is headquartered in Calgary, Canada.","{'maxAge': 1, 'name': 'Mr. Harkirat  Grover', 'age': 41, 'title': 'Founder, CEO, President & Executive Chairman', 'yearBorn': 1982, 'fiscalYear': 2023, 'totalPay': 635206, 'exercisedValue': 0, 'unexercisedValue': 0}",1703980800,86400,4,2.54,2.57,2.45,2.62,2.54,2.57,2.45,2.62,40868,40868,79100,94460,94460,2.5,193250944,1.42,3.09,0.39627483,2.3374,2.0026,CAD,243913488,-0.08061,71399927,78557296,785906,797384,1703808000,1706659200,0.090900004,0.10262,10.55,78557296,1.747,1698710400,1730332800,1698710400,-39310000,-0.53,0.5,12.837,0.38043475,0.25222528,VAN,EQUITY,HITI.V,HITI.V,HIGH TIDE INC,High Tide Inc.,1545057000,America/Toronto,EST,2db0d356-c8dd-3968-b1fa-74519bcd1a1e,finmb_564868709,-18000000,2.46,buy,30262000,0.385,19001000,72530000,0.651,1.181,487668992,6.561,-0.00655,15962000,20661000,0.174,0.26927,0.03896,0.00917,CAD,,HITI.V,2024-02-21,403 770 9435,1550,1.16,15.375001,2.46,0.0119,1.4081283,0.16,1.7,54.262,-0.27698,,8.5,4.25,5.94,5.5,4,1:15,1620864000,,,,,,,,,,,,,,,,,,,,
1 Hershey Drive,,Smiths Falls,ON,K7A 0A8,Canada,https://www.canopygrowth.com,Drug Manufacturers - Specialty & Generic,drug-manufacturers-specialty-generic,Drug Manufacturers - Specialty & Generic,Healthcare,healthcare,Healthcare,"Canopy Growth Corporation, together with its subsidiaries, engages in the production, distribution, and sale of cannabis and hemp-based products for recreational and medical purposes primarily in Canada, the United States, and Germany. It operates through two segments, Global Cannabis and Other Consumer Products. The company's products include dried cannabis flower, extracts and concentrates, beverages, gummies, and vapes. It offers its products under the Tweed, 7ACRES, 7ACRES Craft Collective, DOJA, Ace Valley, Quatreau, Deep Space, First + Free, Surity Pro, Spectrum Therapeutics, Vert, Tokyo Smoke, Twd, Martha Stewart CBD, DNA Genetics, BioSteel, Storz & Bickel, This Works, HiWay, Simple Stash, Whisl, and Truverra brands. The company was formerly known as Tweed Marijuana Inc. and changed its name to Canopy Growth Corporation in September 2015. Canopy Growth Corporation was incorporated in 2009 and is headquartered in Smiths Falls, Canada.","{'maxAge': 1, 'name': 'Mr. David Eric Klein', 'age': 59, 'title': 'CEO & Director', 'yearBorn': 1964, 'fiscalYear': 2023, 'totalPay': 2368627, 'exercisedValue': 0, 'unexercisedValue': 0}",1703980800,86400,4,5.15,5.13,4.73,5.13,5.15,5.13,4.73,5.13,1216979,1216979,1078495,1438350,1438350,4.8,436438944,4.47,33.3,1.2048204,6.5654,8.46185,CAD,974266240,,73871165,91114600,2578004,1700052,1703808000,1706659200,0.19002001,0.0495,2.38,91114600,6.566,1680220800,1711843200,1703980800,-1180052992,-21.3,2.69,-3.965,-0.8410494,0.25222528,TOR,EQUITY,WEED.TO,WEED.TO,CANOPY GROWTH CORPORATION,Canopy Growth Corporation,1282051800,America/Toronto,EST,ed92caa8-6f26-3937-a342-b83e80bd4df8,finmb_253665025,-18000000,4.79,hold,188383008,2.068,-245696000,693270016,1.14,1.795,362244000,5.589,-0.08886,-95079376,-399628000,-0.075,0.11083,-0.67825997,-0.31746,CAD,,WEED.TO,2024-02-21,855 558 9333,1621,1.654,-3.7421875,4.79,0.028299998,0.7295157,-1.28,3.2,127.284,-1.21558,,20,,7.14,6,11,1:10,1703030400,10,1,4,5,4,1706745600,0.0349,-0.06,,,,,,,,,,,,
1 Adelaide Street East,Suite 801,Toronto,ON,M5C 2V9,Canada,https://redlight.co,Drug Manufacturers - Specialty & Generic,drug-manufacturers-specialty-generic,Drug Manufacturers - Specialty & Generic,Healthcare,healthcare,Healthcare,"Red Light Holland Corp. engages in the production, cultivation, and sale of functional mushrooms and mushroom home grow kits to the recreational market in the Netherlands. It is also involved in the selection, distribution, and export of truffles, cannabidiol products, cannabis seeds, headshop products, cannabis bake house muffins, cookies, and cakes. The company sells its products under the iMicrodose, Maka, Happy Caps, and Mistercap's brands through brick-and-mortar SmartShops, as well as through online stores. Red Light Holland Corp. is based in Toronto, Canada.","{'maxAge': 1, 'name': 'Mr. Todd Michael Shapiro', 'age': 48, 'title': 'Co-Founder, CEO & Director', 'yearBorn': 1975, 'fiscalYear': 2022, 'totalPay': 2007622, 'exercisedValue': 0, 'unexercisedValue': 0}",1672444800,86400,4,0.055,0.055,0.055,0.055,0.055,0.055,0.055,0.055,55039,55039,296753,433004,433004,0.06,21726926,0.05,0.165,4.709776,0.0589,0.0704125,CAD,7339218,-1.20824,366813774,395035008,76027,68951,1702598400,1705276800,0.0575,0.00143,0.21,395035008,0.062,1680220800,1711843200,1696032000,-5573810,-0.01,1.591,-1.478,-0.62068963,0.25222528,CNQ,EQUITY,TRIP.CN,TRIP.CN,RedLightHolland,Red Light Holland Corp.,1590672600,America/Toronto,EST,470a1097-9bfb-37e8-a680-c269f3bedf94,finmb_876304,-18000000,0.055,hold,16372142,0.041,-4964832,1748424,6.295,7.381,4613155,0.012,-0.11494,-3196488,-2762796,0.335,0.45474,-1.07623,-1.19577,CAD,,TRIP.CN,2024-02-21,647-204-7129,,1.694,-5.5,0.055,0.0002,0.88709676,-0.01,3,7.11,-0.22575001,416-869-0547,,,,,,,,,,,,,,,,,,,,,,,,,,,
151 West Hastings Street,,Vancouver,BC,V6B 1H4,Canada,https://www.rritual.com,Packaged Foods,packaged-foods,Packaged Foods,Consumer Defensive,consumer-defensive,Consumer Defensive,"Aretto Wellness Inc. engages in the development, marketing, sale, and distribution of proprietary dietary and nutritional supplements and beverages in Canada and the United States. The company offers herbs and other extracts, such as fruits, roots, fungi, and vegetables. It provides its products under the Rritual brand name. The company was formerly known as Rritual Superfoods Inc. Aretto Wellness Inc. was incorporated in 2019 and is headquartered in Vancouver, Canada.","{'maxAge': 1, 'name': 'Mr. Nathan  Nowak', 'title': 'CEO & Director', 'exercisedValue': 0, 'unexercisedValue': 0}",,86400,4,0.03,,0.03,0.03,0.03,,0.03,0.03,,,,,,0.4,326112,0.015,0.09,-3.6890914,0.03,0.03575,CAD,343253,,10492618,10870400,710,710,1702598400,1705276800,0.00376,,,10870400,-0.164,1656547200,1688083200,1680220800,-6444114,-1.44,-3.883,,-0.5,0.25222528,CNQ,EQUITY,ARTO.CN,ARTO.CN,Aretto Wellness,Aretto Wellness Inc.,1615300200,America/Toronto,EST,96c2625e-4889-3f4d-831e-e6c0264dc6f8,finmb_697789001,-18000000,0.03,strong_buy,52857,0.005,,70000,0.03,0.03,-88399,-0.013,-0.92457,914662,-154895,,,,44.078243,CAD,,ARTO.CN,2024-02-21,,,2.8,,,0.0001,,,1,,-5.52691,,,,,,,1:20,1669334400,,,,,,,,,,,,,,,,,,,,
195 Bentworth Avenue,Unit 2,Toronto,ON,M6A 1P9,Canada,https://www.arht.tech,Software - Application,software-application,Software - Application,Technology,technology,Technology,"ARHT Media Inc., together with its subsidiaries, engages in the live and prerecorded holograms with a network of capture and display locations worldwide. Its products include Capsule, a consumer-facing holographic display that is plug-and-play for events in all lighting conditions and can be permanently installed for retail and other consumer or user-facing applications; ARHT Engine, a proprietary technology utilizes a combination of advanced hardware and software, including 3D cameras, motion capture technology, and real-time rendering software to create its holographic displays; and Virtual Global Stage, which allows multiple presenters to interact with one another on the same stage with no latency, appearing much like they would if they were physically next to one another, as well as capture studio, ARHT Hologram Screen, and HoloPod Display. The company also provides various services, including consulting, project management, training in the use of software and technology, and content creation for events. ARHT Media Inc. was founded in 2012 and is headquartered in Toronto, Canada.","{'maxAge': 1, 'name': 'Mr. Richard G. Carl', 'age': 66, 'title': 'Executive Chair of the Board', 'yearBorn': 1957, 'fiscalYear': 2022, 'totalPay': 10000, 'exercisedValue': 0, 'unexercisedValue': 0}",1672444800,86400,4,0.05,0.045,0.045,0.045,0.05,0.045,0.045,0.045,30709,30709,135459,49560,49560,0.05,8658450,0.04,0.21,1.2748549,0.0592,0.1141,CAD,11466263,-1.6068201,164387102,192410000,6729,86926,1703808000,1706659200,0.16627,,0.06,192410000,0.003,1672444800,1703980800,1696032000,-10913094,-0.05,1.688,-1.167,-0.7222222,0.25222528,VAN,EQUITY,ART.V,ART.V,ARHT MEDIA INC,ARHT Media Inc.,839511000,America/Toronto,EST,3b171734-083a-38d0-ba3e-39bb283116e1,finmb_260063005,-18000000,0.045,hold,517014,0.003,-9828160,2362795,0.779,1.002,6791714,0.035,-0.67024004,-2796602,-6932198,-0.329,0.52362,-1.4470799,-2.17244,CAD,,ART.V,2024-02-21,416-782-8042,,0.488,-1.1250001,0.045,,15,-0.04,3,401.184,-1.96313,,0.2,0.2,0.2,0.2,1,1:11,1512000000,,,,,,,,,,,,,,,,,,,,
1632 Dickson Avenue,Suite 335,Kelowna,BC,V1Y 7T2,Canada,https://www.avantbrands.ca,Drug Manufacturers - Specialty & Generic,drug-manufacturers-specialty-generic,Drug Manufacturers - Specialty & Generic,Healthcare,healthcare,Healthcare,"Avant Brands Inc. cultivates, produces, and markets cannabis products in Canada. The company offers medical and recreational cannabis products under the BLK MKT, Tenzo, GreenTec, cognoscente, Treehugger, and Pristine brands. It distributes cannabis through medical and recreational sales channels, as well as an e-commerce website. The company was formerly known as GTEC Holdings Ltd. and changed its name to Avant Brands Inc. in July 2021. Avant Brands Inc. is headquartered in Kelowna, Canada.","{'maxAge': 1, 'name': 'Mr. Norton  Singhavon', 'title': 'Founder, CEO & Director', 'fiscalYear': 2022, 'totalPay': 350000, 'exercisedValue': 0, 'unexercisedValue': 0}",1672444800,86400,4,0.11,0.11,0.105,0.11,0.11,0.11,0.105,0.11,396884,396884,159022,324470,324470,0.11,28409588,0.095,0.325,0.96539307,0.13464,0.16046,CAD,46026560,-0.15601,212294299,258268992,235607,1126046,1703808000,1706659200,0.08686,,1.38,258268992,0.225,1669766400,1701302400,1693440000,-4591000,-0.02,1.564,167.98,-0.5416666,0.25222528,TOR,EQUITY,AVNT.TO,AVNT.TO,AVANT BRANDS INC,Avant Brands Inc.,1529674200,America/Toronto,EST,e12b21d8-c3b4-394a-9bce-addb46b11447,finmb_537620129,-18000000,0.11,none,1717000,0.007,274000,19334000,0.387,1.955,29428000,0.127,-0.00805,-6895500,4276000,0.641,0.40094003,0.00931,0.19735001,CAD,,AVNT.TO,2024-02-21,800-351-6358,150,3.59,,0.105,0.0009,0.4888889,,,33.339,-0.07093,,,,,,,,,,,,,,,,,-0.506,-0.596,,,,,,,,,,
999 Canada Place,Suite 404,Vancouver,BC,V6C 3E1,Canada,https://delivrahealthbrands.com,Drug Manufacturers - Specialty & Generic,drug-manufacturers-specialty-generic,Drug Manufacturers - Specialty & Generic,Healthcare,healthcare,Healthcare,"Delivra Health Brands Inc. through its subsidiaries, provides lifestyle and wellness products to consumers and patients in regulated markets worldwide. The company is involved in selling of cannabis, liquid sleep shots, sleep powder packets, gummies, and pain relief creams. It offers its products under LivRelief, Dream Water, and LivRelief infused brand names. The company was formerly known as Harvest One Cannabis Inc. Delivra Health Brands Inc. is headquartered in Vancouver, Canada.","{'maxAge': 1, 'name': 'Mr. Frank A. Holler MBA', 'age': 66, 'title': 'Independent Executive Chairman', 'yearBorn': 1957, 'fiscalYear': 2022, 'totalPay': 120000, 'exercisedValue': 0, 'unexercisedValue': 0}",1672444800,86400,4,0.03,0.035,0.03,0.035,0.03,0.035,0.03,0.035,64236,64236,145881,176760,176760,0.035,10941629,0.01,0.04,0.9325517,0.0264,0.020575,CAD,6630535,0.03605,178494723,312617984,4153,311,1703808000,1706659200,0.21274,,1.1,312617984,0.015,1688083200,1719705600,1696032000,423000,,0.565,9.146,0.20000005,0.25222528,VAN,EQUITY,DHB.V,DHB.V,DELIVRA HEALTH BRANDS INC,Delivra Health Brands Inc.,1490967000,America/Toronto,EST,2e6c984a-8b04-39e6-8220-fe4380025196,finmb_403088114,-18000000,0.035,buy,2925000,0.012,725000,1977000,1.182,1.544,11733000,0.046,-0.0317,306375,-1057000,1.123,0.49995998,0.06179,0.07355,CAD,,DHB.V,2024-02-21,604 449 9280,,1.305,Infinity,0.03,,2.3333335,,2,53.943,0.124960005,,0.07,0.07,0.07,0.07,1,,,,,,,,,,,,,Infinity,,,,,,,,,
The Canadian Venture Building,82 Richmond Street East,Toronto,ON,M5C 1P1,Canada,https://sintanaenergy.com,Oil & Gas E&P,oil-gas-e-p,Oil & Gas E&P,Energy,energy,Energy,"Sintana Energy Inc. engages in petroleum and natural gas exploration and development activities. It holds five onshore and offshore petroleum exploration licenses in Namibia, as well as in Colombia's Magdalena Basin. The company is based in Toronto, Canada.","{'maxAge': 1, 'name': 'Mr. Keith Dean Spickelmier', 'age': 62, 'title': 'Executive Chairman', 'yearBorn': 1961, 'fiscalYear': 2022, 'totalPay': 277568, 'exercisedValue': 20000, 'unexercisedValue': 0}",1672444800,86400,4,0.445,0.445,0.44,0.45,0.445,0.445,0.44,0.45,760659,760659,634538,834526,834526,0.45,121483560,0.12,0.52,,0.37385,0.311225,CAD,118054696,,210608445,276099008,714719,98632,1703808000,1706659200,0.19361,0.00568,0.71,276099008,0.053,1672444800,1703980800,1696032000,646396,0.01,,,2.56,0.25222528,VAN,EQUITY,SEI.V,SEI.V,SINTANA ENERGY INC,Sintana Energy Inc.,1234189800,America/Toronto,EST,2268b2d7-bf1e-3607-826a-34b3ee984d8b,finmb_137143969,-18000000,0.44,none,4809430,0.017,,,1.406,1.488,,,-0.11694,-3452437,-4642268,,,,,CAD,,SEI.V,2024-02-21,713 825 9591,,1.198,Infinity,0.435,0.0026,8.301887,,,,0.04916,,1.25,1.25,1.25,1.25,1,1:15,1398902400,,,,,,,,,,,44,,,,,,,,,
550 Burrard Street,Suite 2900,Vancouver,BC,V6C OA3,Canada,https://wildpackbev.com,Specialty Business Services,specialty-business-services,Specialty Business Services,Industrials,industrials,Industrials,"Wildpack Beverage Inc. engages in filling, decorating, and brokering of aluminum cans in Canada and the United States. The company operates through Filling, Decorating, Brokering, and Corporate segments. The company offers can sleeving and labelling; beverage co-packing; can packaging products, such as brite cans, can ends, printed cans, paktech carriers, and case trays; and private label packaging services. It is also involved in brokering of packaging materials, and printing labels and sleeves; and provision of graphic design, warehousing, packaging engineering support, logistics, and material selection consultation services. The company was formerly known as Ponderous Panda Capital Corporation and changed its name to Wildpack Beverage Inc. The company is based in Vancouver, Canada.","{'maxAge': 1, 'name': 'Mr. Mitchell  Barnard', 'title': 'CEO & Director', 'fiscalYear': 2022, 'totalPay': 669942, 'exercisedValue': 0, 'unexercisedValue': 0}",1672444800,86400,4,0.085,0.085,0.085,0.085,0.085,0.085,0.085,0.085,5000,5000,25814,4800,4800,0.09,8515640,0.04,0.35,0.16272028,0.0676,0.1057,CAD,68223624,-0.67598,42005051,100184000,10165,11982,1703808000,1706659200,0.38368,0.059499998,0.13,100184000,-0.134,1672444800,1703980800,1696032000,-35376000,-0.44,1.304,-4.042,-0.14999998,0.25222528,VAN,EQUITY,CANS.V,CANS.V,WILDPACK BEVERAGE INC,Wildpack Beverage Inc.,1621517400,America/Toronto,EST,4340ed88-2b1b-32d5-8b56-b638a4f39d70,finmb_641020075,-18000000,0.085,buy,1075000,0.011,-16878000,60783000,0.547,0.862,52333000,0.475,-0.18566,-13399625,-14956000,0.808,0.0836,-0.32251,-0.22983,USD,,CANS.V,2024-02-21,833-999-7225,,0.553,-1.0625,0.07,0.0001,,-0.08,2,,,,,,,,,,,,,,,,,,,,,,,,,,,,,,
2207 90B Street SW,,Edmonton,AB,T6X 1V8,Canada,https://www.auroramj.com,Drug Manufacturers - Specialty & Generic,drug-manufacturers-specialty-generic,Drug Manufacturers - Specialty & Generic,Healthcare,healthcare,Healthcare,"Aurora Cannabis Inc., together with its subsidiaries, produces, distributes, and sells cannabis and cannabis-derivative products in Canada and internationally. It operates through three segments: Canadian Cannabis, European Cannabis, and Plant Propagation. The company produces, distributes, and sells medical and consumer cannabis products in Canada. It is also involved in the distribution of wholesale medical cannabis in the European Union (EU); distribution of wholesale medical cannabis in various international markets, including Australia, the Caribbean, South America, and Israel; supply of propagated vegetables and ornamental plants in North America; and distribution and sale of hemp-derived cannabidiol (CBD) products. In addition, the company cultivates and sells dried cannabis, cannabis oils, capsules, edible cannabis, cannabis extracts, and soft gels, which are ingested in various ways, including smoking, vaporizing, and consumption in the form of oil, capsules, edibles, and extracts; and provides dried flowers, vapes, dried milled strains, strain-specific extracts, strain specific cannabis oils, and concentrates. Further, it offers recreational cannabis products, such as flowers, vapes, ingestibles, concentrates, extracts, and CBD products; and patient counseling and outreach services. The company's adult-use brand portfolio includes Aurora Drift, San Rafael '71, Daily Special, Whistler, Being, and Greybeard, as well as CBD brands, Reliva and KG7; and medical cannabis brands include MedReleaf, CanniMed, Aurora, Whistler Medical Marijuana Co, Pedanios, Bidiol, and CraftPlant. Aurora Cannabis Inc. is headquartered in Edmonton, Canada.","{'maxAge': 1, 'name': 'Mr. Miguel  Martin', 'age': 50, 'title': 'CEO & Director', 'yearBorn': 1973, 'fiscalYear': 2023, 'totalPay': 2018399, 'exercisedValue': 0, 'unexercisedValue': 0}",1703980800,86400,4,5.2,4.89,4.61,5.08,5.2,4.89,4.61,5.08,752423,752423,115897,122331,122331,4.68,2590621440,4.61,15.5,9.390236,5.923,6.961,CAD,280133760,1.5170599,54394847,545393984,852986,751267,1703808000,1706659200,,,8.78,545393984,10.852,1680220800,1711843200,1703980800,410717728,-79.2,1.015,-8.406,-0.56666666,0.25222528,TOR,EQUITY,ACB.TO,ACB.TO,AURORA CANNABIS INC,Aurora Cannabis Inc.,1194273000,America/Toronto,EST,62ccd75e-90fe-3444-b8f7-e4718b65f20a,finmb_272485300,-18000000,4.75,hold,148551008,2.724,-33326636,103340000,1.787,3.786,275884608,6.784,,,-83362960,0.055,0.30913,-0.120799996,-0.24066,CAD,,ACB.TO,2024-02-21,,1130,2.858,-95,4.65,0.0018,0.43770733,-0.05,2.8,18.513,,,1.25,0.61,0.84,0.8,6,1:10,1708387200,10,5,9,7,7,1706745600,,,,,,,,,,,,,,
421 - 7th Ave S.W.,30th Floor,Calgary,AB,T2P 4K9,Canada,https://www.sourcerockroyalties.com,Oil & Gas Midstream,oil-gas-midstream,Oil & Gas Midstream,Energy,energy,Energy,"Source Rock Royalties Ltd. engages in the acquiring and managing of oil and gas royalties and mineral title interests. The company has a light oil focused portfolio of royalty interests concentrated in S.E. Saskatchewan, east-central Alberta, west-central Alberta, and west-central Saskatchewan. Source Rock Royalties Ltd. was incorporated in 2012 and is headquartered in Calgary, Canada.","{'maxAge': 1, 'name': 'Mr. Bradley Rober Docherty', 'age': 42, 'title': 'Founder, Chairman, CEO & President', 'yearBorn': 1981, 'fiscalYear': 2022, 'totalPay': 260000, 'exercisedValue': 0, 'unexercisedValue': 0}",1672444800,86400,4,0.83,0.83,0.83,0.84,0.83,0.83,0.83,0.84,43500,43500,52958,51423,51423,0.84,37797144,0.7,0.89,5.877808,0.818,0.81485,CAD,28927082,0.27111,31620492,44996600,10428,2062,1703808000,1706659200,0.088369995,0.2341,0.12,44996600,0.6,1672444800,1703980800,1696032000,1743390,0.04,4.498,5.884,0.15277779,0.25222528,VAN,EQUITY,SRR.V,SRR.V,SOURCE ROCK ROYALTIES LTD,Source Rock Royalties Ltd.,1646231400,America/Toronto,EST,e103d186-470a-352b-af5b-a7429477217f,finmb_INDEXSRR.V,-18000000,0.84,none,8420133,0.187,4916021,,21.259,21.348,6430483,0.143,0.04459,-5470810,4277336,0.298,1,0.76448995,0.32265,CAD,,SRR.V,2024-02-21,403-472-5767,,,,0.83,0.0002,1.3999999,,,,0.06413,,,,,,,,,,,,,,,,,0.186,0.105,21,0.07,0.0867,1709078400,1.8158001,0.063,0.07590362,0.006,1709078400,
744 West Hastings Street,Unit 505,Vancouver,BC,V6C 1A5,Canada,https://www.rubiconorganics.com,Drug Manufacturers - Specialty & Generic,drug-manufacturers-specialty-generic,Drug Manufacturers - Specialty & Generic,Healthcare,healthcare,Healthcare,"Rubicon Organics Inc. produces and sells organic cannabis for the recreational and medical-use markets in Canada. The company processes and sells organic cannabis under its wholly owned and other licensed brands. Rubicon Organics Inc. was incorporated in 2015 and is headquartered in Vancouver, Canada.","{'maxAge': 1, 'name': 'Ms. Melanie  Ramsey', 'title': 'Chief Commercial Officer', 'fiscalYear': 2022, 'totalPay': 399344, 'exercisedValue': 0, 'unexercisedValue': 0}",1672444800,86400,4,0.445,0.44,0.44,0.445,0.445,0.44,0.44,0.445,6500,6500,13400,7910,7910,0.45,25005306,0.33,0.75,0.6081728,0.4732,0.4759,CAD,25407722,-0.13354,31569599,56191700,983,42941,1703808000,1706659200,0.55871,0.013259999,0.56,56191700,0.658,1672444800,1703980800,1696032000,-5490364,-0.1,0.618,-14.296,-0.38356167,0.25222528,VAN,EQUITY,ROMJ.V,ROMJ.V,RUBICON ORGANICS INC,Rubicon Organics Inc.,1539178200,America/Toronto,EST,7191b3f7-77ca-36f3-aee1-e4be2bbb10ac,finmb_568972801,-18000000,0.445,buy,10362916,0.184,-1777292,10765349,1.859,3.479,41115464,0.729,-0.05242,4550239,6790936,-0.048,0.273,-0.04323,-0.15015,CAD,,ROMJ.V,2024-02-21,604-288-5566,165,1.297,-11.125,0.43,,0.67629176,-0.04,2,29.139,-0.14147,,1.4,1.4,1.4,1.4,1,,,,,,,,,,,,,,,,,,,,,,
8 King Street East,Suite 1800,Toronto,ON,M5C 1B5,Canada,https://www.aurania.com,Other Precious Metals & Mining,other-precious-metals-mining,Other Precious Metals & Mining,Basic Materials,basic-materials,Basic Materials,"Aurania Resources Ltd., a junior exploration mining company, engages in the identification, evaluation, acquisition, and exploration of mineral properties in Ecuador and Peru. The company explores for gold, silver, copper, and other precious metal deposits. Its flagship project is the 100% owned Lost Cities Â– Cutucu project comprises 42 mineral exploration concessions covering an area of approximately 207,764 hectares located in southeastern Ecuador. The company was formerly known as Urania Resources Ltd. and changed its name to Aurania Resources Ltd. in March 2012. Aurania Resources Ltd. was founded in 2001 and is headquartered in Toronto, Canada.","{'maxAge': 1, 'name': 'Dr. Keith Michael Barron Ph.D.', 'age': 61, 'title': 'Executive Chairman, President & CEO', 'yearBorn': 1962, 'fiscalYear': 2022, 'totalPay': 7500, 'exercisedValue': 0, 'unexercisedValue': 0}",1672444800,86400,4,0.24,0.26,0.24,0.26,0.24,0.26,0.24,0.26,58670,58670,27632,8810,8810,0.25,16193207,0.2,0.71,,0.2637,0.31895,CAD,25540900,,37838825,67471696,4489,51003,1703808000,1706659200,0.4305,,0.29,67471696,-0.145,1672444800,1703980800,1696032000,-11088470,-0.17,,-2.819,-0.63076925,0.25222528,VAN,EQUITY,ARU.V,ARU.V,AURANIA RESOURCES LTD,Aurania Resources Ltd.,1531229400,America/Toronto,EST,9bf7e504-ef1b-3944-9652-ac9bd02a238e,finmb_127660502,-18000000,0.24,buy,204264,0.003,-9059584,9551947,0.338,0.401,,,-6.98286,-5378665,-8550199,,,,,CAD,,ARU.V,2024-02-21,416 367 3200,,1.562,-4,0.24,0.0001,,-0.06,2,,,,0.65,0.65,0.65,0.65,1,,,,,,,,,,,,,,,,,,,,,,
700 West Pender Street,Suite 203,Vancouver,BC,V6C 1G8,Canada,https://gigametals.com,Other Industrial Metals & Mining,other-industrial-metals-mining,Other Industrial Metals & Mining,Basic Materials,basic-materials,Basic Materials,"Giga Metals Corporation engages in the acquisition, exploration, and development of mineral properties in Canada. The company explores for nickel and cobalt sulphide deposits. It holds 100% interests in the Turnagain property with 75 contiguous mineral claims covering an area of approximately 40,069 hectares located in the Liard mining division of northern British Columbia. The company was formerly known as Hard Creek Nickel Corporation and changed its name to Giga Metals Corporation in August 2017. Giga Metals Corporation was incorporated in 1983 and is headquartered in Vancouver, Canada.","{'maxAge': 1, 'name': 'Mr. Mark  Jarvis', 'age': 68, 'title': 'CEO & Chairman of the Board', 'yearBorn': 1955, 'fiscalYear': 2022, 'totalPay': 96000, 'exercisedValue': 0, 'unexercisedValue': 0}",1672444800,86400,4,0.155,0.155,0.14,0.155,0.155,0.155,0.14,0.155,52254,52254,49575,53570,53570,0.15,14685615,0.14,0.32,,0.1828,0.2252,CAD,16212789,,91737147,97904096,25000,1094445,1703808000,1706659200,0.06293,0.01129,0.39,97904096,0.198,1672444800,1703980800,1696032000,-2239475,-0.03,,-7.156,-0.4285714,0.25222528,VAN,EQUITY,GIGA.V,GIGA.V,GIGA METALS CORPORATION,Giga Metals Corporation,839511000,America/Toronto,EST,ffce97cd-06b9-3751-b5aa-8e6ca8fae818,finmb_3103536,-18000000,0.15,buy,2441362,0.025,-2265566,164347,4.637,4.837,,,-0.0616,-1248076,-1459434,,,,,CAD,,GIGA.V,2024-02-21,604-681-2300,,1.045,,0.145,0.0003,0.7575758,,2,0.725,-0.097200006,,,,,,,1:02,1503878400,,,,,,,0.0003,,,,,,,,,,,,,
2611 Queensview Drive,Suite 125,Ottawa,ON,K2B 8K2,Canada,https://www.leonovus.com,Software - Application,software-application,Software - Application,Technology,technology,Technology,"Leonovus Inc. operates as a data management software company. Its tools offer data-centric solutions to customers. The company is based in Ottawa, Canada.","{'maxAge': 1, 'name': 'Mr. Michael J. Gaffney B.Sc., CHRP, M.B.A.', 'age': 69, 'title': 'Chairman & CEO', 'yearBorn': 1954, 'fiscalYear': 2021, 'totalPay': 145094, 'exercisedValue': 0, 'unexercisedValue': 0}",1640908800,86400,4,0.04,0.04,0.04,0.04,0.04,0.04,0.04,0.04,2000,2000,12159,,,0.045,836040,0.02,0.08,Infinity,0.0466,0.03225,CAD,919039,,19432283,20901000,14968,21000,1703808000,1706659200,0.06609,,0.06,20901000,-0.063,1672444800,1703980800,1696032000,-1300000,-0.06,,-1.28,,0.25222528,VAN,EQUITY,LTV.V,LTV.V,LEONOVUS INC,Leonovus Inc.,1288963800,America/Toronto,EST,8d661dfd-d821-39ed-a988-f89c031b53ef,finmb_72957626,-18000000,0.04,none,4000,,-718000,87000,0.058,0.058,,,-0.69755,153750,350000,,,,,CAD,,LTV.V,2024-02-21,,,0.931,,0.045,,,,,,,,,,,,,1:30,1603670400,,,,,,,,,,,,,,,,,,,,
1199 West Hastings Street,Suite 1100,Vancouver,BC,V6E 3T5,Canada,https://www.novoresources.com,Gold,gold,Gold,Basic Materials,basic-materials,Basic Materials,"Novo Resources Corp., together with its subsidiaries, engages in evaluating, acquiring, exploring, and developing natural resource properties in Canada and Australia, and the United States. The company primarily explores for gold deposits. Its flagship property is the Beatons Creek property located in the Pilbara region of Western Australia. It also holds interest in Nullagine Gold Project located in the Pilbara region of Western Australia. The company was formerly known as Galliard Resources Corp. and changed its name to Novo Resources Corp. in June 2011. Novo Resources Corp. was incorporated in 2009 and is headquartered in Vancouver, Canada.","{'maxAge': 1, 'name': 'Mr. Michael John Spreadborough MBA', 'title': 'Executive Co-Chairman & Acting CEO', 'fiscalYear': 2022, 'totalPay': 520326, 'exercisedValue': 0, 'unexercisedValue': 0}",1672444800,86400,4,0.14,0.135,0.135,0.14,0.14,0.135,0.135,0.14,35540,35540,150754,89500,89500,0.145,47377576,0.11,0.43,18.981401,0.1554,0.19124,CAD,33112364,,304061318,350944992,151510,169360,1703808000,1706659200,0.11153,0.00324,2.63,350944992,0.478,1672444800,1703980800,1696032000,-51488000,-0.18,13.266,-0.657,-0.5483871,0.25222528,TOR,EQUITY,NVO.TO,NVO.TO,NOVO RESOURCES CORP,Novo Resources Corp.,1276608600,America/Toronto,EST,ffd1630f-d9bf-3548-aaf8-ab677742fd5b,finmb_99150213,-18000000,0.135,buy,16544000,0.048,-50377000,1784000,3.029,3.322,2496000,0.009,-0.26268998,-25800750,-59117000,,,,-40.13942,CAD,,NVO.TO,2024-02-21,416-543-3120,75,1.615,,0.135,0.0004,0.2824268,,2,1.091,-0.28801,,3.25,3.25,3.25,3.25,1,,,,,,,,,,,,,,,,,,,,,,
1030 West Georgia Street,Suite 710,Vancouver,BC,V6E 2Y3,Canada,https://www.americanlithiumcorp.com,Other Industrial Metals & Mining,other-industrial-metals-mining,Other Industrial Metals & Mining,Basic Materials,basic-materials,Basic Materials,"American Lithium Corp., an exploration and development stage company, engages in the acquisition, exploration, and development of resource properties in the United States. It principally focuses on the TLC Lithium Project located in the town of Tonopah, Nevada; and the Falchani Lithium project and the Macusani Uranium project located in Puno, Peru. The company was formerly known as Menika Mining Ltd. and changed its name to American Lithium Corp. in April 2016. American Lithium Corp. was incorporated in 1974 and is based in Vancouver, Canada.","{'maxAge': 1, 'name': 'Mr. Simon Patrick Clarke', 'age': 57, 'title': 'CEO & Director', 'yearBorn': 1966, 'fiscalYear': 2023, 'totalPay': 335000, 'exercisedValue': 0, 'unexercisedValue': 0}",1703980800,86400,4,1.04,1.07,1.01,1.07,1.04,1.07,1.01,1.07,237159,237159,228526,327790,327790,1.05,221095680,0.94,4.31,,1.3804,1.97085,CAD,202155184,,204300818,214656000,487258,605882,1703808000,1706659200,0.051810004,0.077800006,1.94,214656000,0.805,1677542400,1709078400,1701302400,-43082220,-0.2,,-4.677,-0.75757575,0.25222528,VAN,EQUITY,LI.V,LI.V,AMERICAN LITHIUM CORP,American Lithium Corp.,839511000,America/Toronto,EST,7c7bcbd7-ea73-3f90-b467-40155d93f46e,finmb_3169954,-18000000,1.03,strong_buy,21257922,0.099,-43220216,171061,9.905,10.733,,,-0.14956,8327637,-26054432,,,,,CAD,,LI.V,2024-02-21,604 428 6128,,2.269,-6.8666663,1.01,0.0023,1.2795031,-0.15,1.5,0.099,-0.24317,,10.8,4.25,6.39,5.25,4,2:01,1525132800,,,,,,,,,,,,,,,,,,9.6,1286841600,
1040 West Georgia Street,Ste. 1120,Vancouver,BC,,Canada,https://www.frx-innovations.com,Specialty Chemicals,specialty-chemicals,Specialty Chemicals,Basic Materials,basic-materials,Basic Materials,"FRX Innovations Inc. manufactures and sells flame-retardant polyphosphate polymers in Asia, Europe, and internationally. The company's products including homopolymers used in carpets, textiles, connectors, wires and cables, transparent sheet products, and transparent blown films; Co-polymers used in housings, sheets, fibers, and lightings; and reactive oligomers used in decorative laminates, wall panels, copper clad laminates for printed circuit boards, and protective sheets and coatings. It serves building and construction, fiber, textiles, electrical, electronics, and transportation sectors. The company was formerly known as FRX Polymers Inc. and changed its name to FRX Innovations Inc. in May 2022. FRX Innovations Inc. is based in Vancouver, Canada.","{'maxAge': 1, 'name': 'Mr. Marc-Andre  Lebel P.Eng.', 'title': 'CEO, President, Observer & Director', 'fiscalYear': 2021, 'totalPay': 375631, 'exercisedValue': 0, 'unexercisedValue': 0}",1640908800,86400,4,0.055,0.055,0.055,0.055,0.055,0.055,0.055,0.055,50000,50000,41544,37300,37300,0.055,5470173,0.03,0.4,1.7939123,0.0529,0.133975,CAD,17758034,-2.63867,65657968,99457696,254,2754,1703808000,1706659200,0.26188,0.01053,0.01,99457696,0.045,1672444800,1703980800,1696032000,-8046091,0.01,5.824,-3.938,-0.82258064,0.25222528,VAN,EQUITY,FRXI.V,FRXI.V,FRX INNOVATIONS INC,FRX Innovations Inc.,1653399000,America/Toronto,EST,ac7321db-acb3-3409-9e19-c93e7108995b,finmb_61539229,-18000000,0.055,buy,117753,0.001,-4509546,12944905,0.031,0.198,3049298,0.029,-0.17031999,-1018576,-5103381,0.584,0.57399,-1.47888,-3.15807,USD,,FRXI.V,2024-02-21,978-244-9500,,,-5.5,0.05,,1.2222222,-0.01,2,332.255,-2.1062,978-250-4533,0.74,0.74,0.74,0.74,1,,,,,,,,,,,,,5.5,,,,,,,,,
789 West Pender Street,Suite 855,Vancouver,BC,V6C 1H2,Canada,https://hivedigitaltechnologies.com,Capital Markets,capital-markets,Capital Markets,Financial Services,financial-services,Financial Services,"HIVE Digital Technologies Ltd. operates as a cryptocurrency mining company in Canada, Sweden, and Iceland. The company engages in the mining and sale of digital currencies, including Ethereum Classic, Bitcoin, and other coins. It also operates data centers; and offers infrastructure solutions. The company was formerly known as HIVE Blockchain Technologies Ltd. and changed its name to HIVE Digital Technologies Ltd. in July 2023. HIVE Digital Technologies Ltd. was incorporated in 1987 and is headquartered in Vancouver, Canada.","{'maxAge': 1, 'name': 'Mr. Frank Edward Holmes', 'age': 68, 'title': 'Executive Chairman', 'yearBorn': 1955, 'fiscalYear': 2023, 'totalPay': 225921, 'exercisedValue': 0, 'unexercisedValue': 0}",1703980800,86400,2,5.94,6,5.42,6.05,5.94,6,5.42,6.05,1168073,1168073,957949,1091320,1091320,5.76,531201376,3.05,8.96,5.5444818,5.1224,4.9679,CAD,605261952,-0.42826,100125820,92543800,5059521,3807012,1703808000,1706659200,0.00251,0.21662001,2.91,92543800,1.946,1680220800,1711843200,1703980800,-41030300,-0.61,6.317,19.075,0.45945942,0.25222528,VAN,EQUITY,HIVE.V,HIVE.V,HIVE DIGITAL TECHNOLOGIES LTD,HIVE Digital Technologies Ltd.,1505827800,America/Toronto,EST,10872c19-43a9-3fe1-95a4-fd529dcaf6ef,finmb_3175641,-18000000,5.74,buy,24724000,0.246,31731424,32874000,0.902,3.511,95807216,1.121,-0.07277,-38226996,31243534,1.183,0.29149,0.3312,-0.101689994,USD,,HIVE.V,2024-02-21,604-664-1078,18,4.345,-6.8333335,5.76,0.025899999,2.9496403,-0.84,2.5,18.258,-0.2557,,8.96,4.72,6.83,6.83,2,1:05,1653350400,,,,,,,,,,,,,,,,,,,,
PO Box 48326 Bentall,,Vancouver,BC,V7X 1A1,Canada,https://www.reconafrica.com,Oil & Gas E&P,oil-gas-e-p,Oil & Gas E&P,Energy,energy,Energy,"Reconnaissance Energy Africa Ltd., a junior oil and gas company, engages in exploration and development of oil and gas potential in Namibia and Botswana. It holds a 90% interest in a petroleum exploration license that covers an area of approximately 25,341.33 kilometer square located in Namibia; and 100% working interest in a petroleum license, which covers an area of 8,990 square kilometer square located in northwestern Botswana. Reconnaissance Energy Africa Ltd. is headquartered in Vancouver, Canada.","{'maxAge': 1, 'name': 'Mr. Craig Arthur-Allan Steinke CPA', 'age': 66, 'title': 'Executive Chairman', 'yearBorn': 1957, 'fiscalYear': 2023, 'totalPay': 781320, 'exercisedValue': 0, 'unexercisedValue': 0}",1703980800,86400,4,1.16,1.14,1.1,1.14,1.16,1.14,1.1,1.14,58953,58953,88414,101050,101050,1.12,234030176,0.83,2.38,47.123848,1.091,1.1884,CAD,243440688,,203152939,210838000,557843,623017,1703808000,1706659200,0.03277,0.0003,8.94,210838000,0.308,1680220800,1711843200,1696032000,-55255984,-0.19,49.019,,-0.46046513,0.25222528,VAN,EQUITY,RECO.V,RECO.V,RECONNAISSANCE ENERGY AFRICA LT,Reconnaissance Energy Africa Ltd.,1065706200,America/Toronto,EST,8cb9b1cc-7207-3c39-8a6b-bef239a93626,finmb_590602429,-18000000,1.11,none,1131375,0.005,,,0.063,0.482,4966279,0.025,,,-14474743,,0.27773002,,-6.20688,CAD,,RECO.V,2024-02-21,,,1.409,,1.11,0.0026,3.6038961,,,,,,,,,,,1:02,1567728000,,,,,,,,,,,,,,,,,,,,
2265 Upper Middle Road East,Suite 602,Oakville,ON,L6H 0G5,Canada,https://www.cardiolrx.com,Drug Manufacturers - Specialty & Generic,drug-manufacturers-specialty-generic,Drug Manufacturers - Specialty & Generic,Healthcare,healthcare,Healthcare,"Cardiol Therapeutics Inc., a clinical-stage life sciences company, focuses on the research and development of anti-fibrotic and anti-inflammatory therapies for the treatment of cardiovascular disease (CVD). Its lead product CardiolRx, which is in Phase II/III multi-national, randomized, double-blind, and placebo-controlled study to evaluate the efficacy and safety of CardiolRx for patients hospitalized with COVID-19, as well as for the treatment of recurrent pericarditis and acute myocarditis. The company is also developing subcutaneous formulation of CardiolRx for the treatment of fibrosis and inflammation in the heart that is related with the development and progression of heart failure. Cardiol Therapeutics Inc. was incorporated in 2017 and is headquartered in Oakville, Canada.","{'maxAge': 1, 'name': 'Mr. David G. Elsley MBA', 'title': 'President, CEO & Director', 'fiscalYear': 2022, 'totalPay': 653800, 'exercisedValue': 0, 'unexercisedValue': 0}",1672444800,86400,4,1.94,1.99,1.98,2.3,1.94,1.99,1.98,2.3,428051,428051,81968,176140,176140,2.27,146506272,0.61,2.3,,1.397,1.20915,CAD,85962128,,62101124,65113900,309133,105853,1703808000,1706659200,0.04131,0.137,3.7,65113900,0.538,1672444800,1703980800,1696032000,-28006292,-0.43,,-2.801,1.6575344,0.25222528,TOR,EQUITY,CRDL.TO,CRDL.TO,CARDIOL THERAPEUTICS INC,Cardiol Therapeutics Inc.,1545316200,America/Toronto,EST,1dc5c237-dd3d-3dc4-8f8e-726c31d32c25,finmb_424954803,-18000000,2.25,buy,40540136,0.623,-30690260,181206,5.085,5.286,,,-0.34614,-16223832,-31261212,,,,,CAD,,CRDL.TO,2024-02-21,289 910 0850,,0.748,-4.787234,2.25,0.0047,4.182156,-0.47,2,0.52,-0.59876,,4.5,3.6,4.05,4.05,2,,,2,4,10,2,9,1706745600,0.005,,,,,,,,,,,,,
100-2 Toronto Street,,Toronto,ON,M5C 2B5,Canada,https://www.analytixinsight.com,Software - Application,software-application,Software - Application,Technology,technology,Technology,"AnalytixInsight Inc. operates as a data analytics and enterprise software solutions provider to worldwide institutions across various industries. It develops and markets cloud-based platforms, providing financial content, stock trading, and research solutions for banks, brokers, and investors in the financial services industry. The company holds a 49% interest in Marketwall SRL, a developer of FinTech solutions for financial institutions. In addition, it offers financial research and content for investors, information providers, finance portals, and media through its online portals and Connect platform; and system integration services for the workforce management industry. AnalytixInsight Inc. was incorporated in 1999 and is headquartered in Toronto, Canada.","{'maxAge': 1, 'name': 'Mr. Paul Sandor Bozoki CA, MBA', 'age': 51, 'title': 'Chief Financial Officer', 'yearBorn': 1972, 'fiscalYear': 2022, 'totalPay': 63543, 'exercisedValue': 0, 'unexercisedValue': 0}",1672444800,86400,4,0.065,0.065,0.065,0.07,0.065,0.065,0.065,0.07,50000,50000,92722,37200,37200,0.07,6805169,0.06,0.31,13.115541,0.0897,0.13555,CAD,4286265,,90097559,97216704,81500,601,1703808000,1706659200,0.07106,,0.13,97216704,0.05,1672444800,1703980800,1696032000,-3716477,-0.04,8.261,-0.871,-0.76785713,0.25222528,VAN,EQUITY,ALY.V,ALY.V,ANALYTIXINSIGHT INC,AnalytixInsight Inc.,950884200,America/Toronto,EST,bda7eaf6-5eee-369a-a55c-4d42eebaafc0,finmb_3173969,-18000000,0.07,hold,2054227,0.021,-4921424,21404,2.925,3.088,518863,0.005,-0.43772998,-1350919,-3141209,-0.899,-1.33429,,-12.634991,CAD,,ALY.V,2024-02-21,,,1.754,,0.065,0.0001,1.4,,3,0.444,-0.57322,,4,4,4,4,1,1:03,1373500800,,,,,,,,,,,,,,,,,,,,
155 Wellington Street West,Suite 3140,Toronto,ON,M5V 3H1,Canada,https://www.stackcapitalgroup.com,Asset Management,asset-management,Asset Management,Financial Services,financial-services,Financial Services,"Stack Capital Group Inc. operates as an investment holding company. It invests in equity, debt, and/or other securities of growth-to-late-stage private businesses. The company was incorporated in 2021 and is headquartered in Toronto, Canada.","{'maxAge': 1, 'name': 'Mr. Jeffrey  Parks C.F.A.', 'title': 'CEO & Non-Independent Director', 'fiscalYear': 2022, 'totalPay': 118750, 'exercisedValue': 0, 'unexercisedValue': 0}",1672444800,86400,2,8.69,8.78,8.64,8.84,8.69,8.78,8.64,8.84,626,626,4493,3000,3000,8.68,77966712,5.58,9.38,36.88387,8.5338,7.43115,CAD,-22565116,,8171432,8982340,3620,1325,1703808000,1706659200,0.02485,0.17748,0.15,9330980,11.17,1672444800,1703980800,1696032000,-6491191,-0.71,-10.675,,0.35781252,0.25222528,TOR,EQUITY,STCK.TO,STCK.TO,STACK CAPITAL GROUP INC,Stack Capital Group Inc.,1623850200,America/Toronto,EST,8d203164-7e50-33f3-8f80-fc4d82ec2925,finmb_714617743,-18000000,8.68,strong_buy,100798968,11.196,,,205.693,206.211,2113843,0.232,-0.0059,-504801,-16049839,,1,,0.0696,CAD,,STCK.TO,2024-02-21,,,0.385,,8.37,0.0001,0.7770815,,1,,-0.062119998,,10,10,10,10,1,,,,,,,,,,,7.765,10.001,,,,,,,,,,
200 Burrard Street,Suite 1570,Vancouver,BC,V6C 3L6,Canada,https://bzam.com,Drug Manufacturers - Specialty & Generic,drug-manufacturers-specialty-generic,Drug Manufacturers - Specialty & Generic,Healthcare,healthcare,Healthcare,"BZAM Ltd. operates as a cannabis producer with a focus on branded consumer goods. Its brands include the BZAM, TGOD, ness, Highly Dutch Organic, and TABLE TOP, as well as Dunn Cannabis, FRESH, and Wyld partner brands. The company operate facilities in British Columbia, Alberta, Ontario, and Quebec, as well as retail stores in Winnipeg, Manitoba and Regina, Saskatchewan. The company was formerly known as The Green Organic Dutchman Holdings Ltd. and changed its name to BZAM Ltd. in February 2023. The company was incorporated in 2016 and is headquartered in Vancouver, Canada.","{'maxAge': 1, 'name': 'Mr. Matt  Milich', 'title': 'Chief Executive Officer', 'fiscalYear': 2022, 'totalPay': 592125, 'exercisedValue': 0, 'unexercisedValue': 0}",1672444800,86400,4,0.1,0.11,0.095,0.11,0.1,0.11,0.095,0.11,84857,84857,79737,118835,118835,0.105,27081902,0.09,0.51,0.33167064,0.1251,0.1653,CAD,65436896,-1.2924899,50437638,270819008,49861,64777,1702598400,1705276800,1.13761,0.00018,0.67,270819008,0.461,1672444800,1703980800,1696032000,-105536000,-0.96,0.801,-1.388,-0.7368421,0.25222528,CNQ,EQUITY,BZAM.CN,BZAM.CN,BZAMLtd,BZAM Ltd.,1525267800,America/Toronto,EST,0ef9f4f3-1aa9-3054-9ac9-6b9969eaba08,finmb_410936952,-18000000,0.1,strong_buy,4982000,0.028,-47161000,50165000,0.199,1.019,81653000,0.524,-0.18246001,-44730000,-7584000,1.121,0.33508998,-0.57758,-0.54787,CAD,,BZAM.CN,2024-02-21,,,2.334,-1.111111,0.095,0.0002,0.21691975,-0.09,1,58.704,-1.15074,,0.65,0.65,0.65,0.65,1,1:10,1667865600,,,,,,,,,,,,,,,,,,,,
77 King Street West,Suite 700 TD North Tower,Toronto,ON,M5K1G8,Canada,https://www.humbleandfume.com,Tobacco,tobacco,Tobacco,Consumer Defensive,consumer-defensive,Consumer Defensive,"Humble & Fume Inc. engages in the wholesale of cannabis related products and accessories in Canada and the United States. The company offers cannabis extracts under the Fume brand name; various products, including wood-crafted smoking accessories under the Elevate brand; grinders, glass pipes, rigs, silicone, quartz bangers, and other cannabis accessories under the Piranha brand; and cannabis-infused goods. It serves retailers, Canadian licensed producers, American multi-state operators, and cannabis customers. Humble & Fume Inc. was founded in 1998 and is based in Toronto, Canada.","{'maxAge': 1, 'name': 'Mr. Jakob  Ripshtein CPA', 'age': 54, 'title': 'CEO & Chairman', 'yearBorn': 1969, 'fiscalYear': 2022, 'exercisedValue': 0, 'unexercisedValue': 0}",1672444800,86400,4,0.005,,0.005,0.005,0.005,,0.005,0.005,,,2082,,,0.01,620940,0.005,0.15,0.009063098,0.005,0.0203,CAD,7230940,-0.27052,55985219,124188000,465,465,1702598400,1705276800,0.53765,,0.08,124188000,0.094,1688083200,1719705600,1688083200,-18534000,-0.15,0.106,-0.315,-0.9285714,0.25222528,CNQ,EQUITY,HMBL.CN,HMBL.CN,Humble&Fume,Humble & Fume Inc.,1623936600,America/Toronto,EST,6eaebdff-046c-30b6-90c2-bd478f8dfb04,finmb_612207741,-18000000,0.005,none,2837000,0.023,-22925000,5789000,0.904,2.708,68513000,0.552,-0.45138,-9993125,-18244000,-0.042,0.14850001,-0.33461,-0.53271997,CAD,,HMBL.CN,2024-02-21,877-438-4367,140,-0.938,,,,0.05319149,,,37.832,-1.1953701,,,,,,,,,,,,,,,,,,,,,,,,,,,,
595 Howe Street,Suite 206,Vancouver,BC,V6C 2T5,Canada,https://www.vsblty.net,Software - Application,software-application,Software - Application,Technology,technology,Technology,"VSBLTY Groupe Technologies Corp., a retail technology company, operates as a software provider of artificial intelligence security and retail analytics technology solutions. The company's software modules include DataCaptor, a software module that leverages camera and sensor technology with artificial intelligence to provide real time analytics and audience measurement; VisionCaptor, a content management system; and VSBLTY Vector, a software module that interfaces with a local or remote database to detect persons or objects of interest within a camera's field of view. It also provides retail hardware solutions. VSBLTY Groupe Technologies Corp. was incorporated in 2015 and is headquartered in Vancouver, Canada.","{'maxAge': 1, 'name': 'Mr. Luiz Felipe Costa Romero de Barros', 'title': 'Executive Chairman', 'fiscalYear': 2022, 'exercisedValue': 0, 'unexercisedValue': 0}",1672444800,86400,4,0.12,0.115,0.115,0.12,0.12,0.115,0.115,0.12,22754,22754,81393,82510,82510,0.125,4523525,0.075,1.9,11.04716,0.1094,0.5141,CAD,4639081,,33032399,39335000,22437,4301,1702598400,1705276800,0.03757,,0.19,39335000,-0.046,1672444800,1703980800,1696032000,-11308726,-0.67,11.329,-0.456,-0.92941177,0.25222528,CNQ,EQUITY,VSBY.CN,VSBY.CN,VSBLTYGrpeTech,VSBLTY Groupe Technologies Corp.,1551277800,America/Toronto,EST,8776cbcd-7b2a-36c8-a663-252ee7ce329e,finmb_588889431,-18000000,0.115,buy,125414,0.004,-10173436,580001,0.13,0.267,409474,0.016,-1.1805301,-1631073,-5322582,-0.805,-1.69168,,-17.5123,USD,,VSBY.CN,2024-02-21,,,0.153,-2.875,0.12,0.0006,,-0.04,2,,-4.79039,,0.85,0.85,0.85,0.85,1,1:10,1698969600,,,,,,,,,,,,,,,,,,,,
700 West Georgia Street,Suite 2500,Vancouver,BC,V7Y 1B3,Canada,https://www.mexicangold.ca,Other Precious Metals & Mining,other-precious-metals-mining,Other Precious Metals & Mining,Basic Materials,basic-materials,Basic Materials,"Mexican Gold Mining Corp., a mineral exploration company, engages in the acquisition, exploration, and evaluation of resource properties in Mexico. The company primarily explores for gold and copper deposits. It holds a 100% interest in the Las Minas project that consists of six mineral concessions located in the Las Minas district in the state of Veracruz, Mexico. Mexican Gold Mining Corp. was incorporated in 2006 and is based in Vancouver, Canada.","{'maxAge': 1, 'name': 'Mr. Jack  Campbell', 'title': 'CEO, President & Director', 'fiscalYear': 2023, 'totalPay': 60000, 'exercisedValue': 0, 'unexercisedValue': 0}",1703980800,86400,4,0.06,0.06,0.06,0.06,0.06,0.06,0.06,0.06,5400,5400,5996,8130,8130,0.075,1274058,0.06,0.2,,0.074,0.0793,CAD,786238,,20504668,21234300,7646,2011,1703808000,1706659200,0.034360003,,0.76,21234300,0.022,1688083200,1719705600,1696032000,-514600,-0.03,,,-0.7,0.25222528,VAN,EQUITY,MEX.V,MEX.V,MEXICAN GOLD MINING CORP,Mexican Gold Mining Corp.,1216906200,America/Toronto,EST,dcd3de3d-49a1-343b-98f6-6fa829212278,finmb_38610349,-18000000,0.06,buy,487818,0.023,,,4.995,5.545,,,-0.86617994,-310794,-499704,,,,,CAD,,MEX.V,2024-02-21,604-558-6300,,1.223,,0.06,0.0002,2.7272727,,2,,-1.84401,,,,,,,1:10,1678838400,,,,,,,,,,,,,,,,,,,,
1 Adelaide Street East,Suite 801,Toronto,ON,M5C 2V9,Canada,https://redlight.co,Drug Manufacturers - Specialty & Generic,drug-manufacturers-specialty-generic,Drug Manufacturers - Specialty & Generic,Healthcare,healthcare,Healthcare,"Red Light Holland Corp. engages in the production, cultivation, and sale of functional mushrooms and mushroom home grow kits to the recreational market in the Netherlands. It is also involved in the selection, distribution, and export of truffles, cannabidiol products, cannabis seeds, headshop products, cannabis bake house muffins, cookies, and cakes. The company sells its products under the iMicrodose, Maka, Happy Caps, and Mistercap's brands through brick-and-mortar SmartShops, as well as through online stores. Red Light Holland Corp. is based in Toronto, Canada.","{'maxAge': 1, 'name': 'Mr. Todd Michael Shapiro', 'age': 48, 'title': 'Co-Founder, CEO & Director', 'yearBorn': 1975, 'fiscalYear': 2022, 'totalPay': 2007622, 'exercisedValue': 0, 'unexercisedValue': 0}",1672444800,86400,4,0.055,0.055,0.055,0.055,0.055,0.055,0.055,0.055,55039,55039,296753,433004,433004,0.06,21726926,0.05,0.165,4.709776,0.0589,0.0704125,CAD,7339218,-1.20824,366813774,395035008,76027,68951,1702598400,1705276800,0.0575,0.00143,0.21,395035008,0.062,1680220800,1711843200,1696032000,-5573810,-0.01,1.591,-1.478,-0.62068963,0.25222528,CNQ,EQUITY,TRIP.CN,TRIP.CN,RedLightHolland,Red Light Holland Corp.,1590672600,America/Toronto,EST,470a1097-9bfb-37e8-a680-c269f3bedf94,finmb_876304,-18000000,0.055,hold,16372142,0.041,-4964832,1748424,6.295,7.381,4613155,0.012,-0.11494,-3196488,-2762796,0.335,0.45474,-1.07623,-1.19577,CAD,,TRIP.CN,2024-02-21,647-204-7129,,1.694,-5.5,0.055,0.0002,0.88709676,-0.01,3,7.11,-0.22575001,416-869-0547,,,,,,,,,,,,,,,,,,,,,,,,,,,
222 â€“ 3rd Avenue S.W.,Suite 900,Calgary,AB,T2P 0B4,Canada,https://www.tidewatermidstream.com,Oil & Gas Midstream,oil-gas-midstream,Oil & Gas Midstream,Energy,energy,Energy,"Tidewater Midstream and Infrastructure Ltd. operates as a diversified midstream and infrastructure company in North America. The company primarily focuses on natural gas, natural gas liquids (NGLs), crude oil, refined products, and renewable space. It also engages in the sale of refined petroleum products, including gasoline, low sulphur diesel, and ancillary products, as well as renewable fuels and natural gas; gathering, processing, and transporting natural gas and NGLs; and NGL extraction and marketing. The company was incorporated in 2015 and is headquartered in Calgary, Canada.","{'maxAge': 1, 'name': 'Mr. Jeremy R. Baines', 'title': 'CEO & Director', 'exercisedValue': 0, 'unexercisedValue': 0}",,86400,4,0.84,0.85,0.84,0.85,0.84,0.85,0.84,0.85,101475,101475,395852,245060,245060,0.86,358764000,0.84,1.12,0.14847046,0.976,0.975825,CAD,1388563968,-0.0348,311774458,427100000,995971,1079166,1703808000,1706659200,0.06447,0.29501,1.46,431596000,1.51,1672444800,1703980800,1696032000,-84100000,-0.22,0.575,13.087,-0.22222221,0.25222528,TOR,EQUITY,TWM.TO,TWM.TO,TIDEWATER MIDSTREAM AND INFRAS ,Tidewater Midstream and Infrastructure Ltd.,1435671000,America/Toronto,EST,999349ff-ba9c-3372-97db-896d9fdccdcf,finmb_287432448,-18000000,0.84,buy,3600000,0.008,106100000,996899968,0.327,1.156,2416399872,5.691,0.011870001,-701635968,209400000,-0.183,0.077020004,0.043909997,-0.010650001,CAD,,TWM.TO,2024-02-21,587 475 0210,446,1.822,4.2,0.84,0.0023,0.5562914,0.2,1.9,146.581,-0.11735,587 475 0211,1.9,1.35,1.67,1.68,8,,,6,3,1,1,1,1706745600,,0.64,,,,0.04,0.0476,1695859200,2,0.04,0.04761905,0.01,1695859200,3.89
41 Hollinger Road,,Toronto,ON,M4B 3G4,Canada,https://www.theralase.com,Medical Devices,medical-devices,Medical Devices,Healthcare,healthcare,Healthcare,"Theralase Technologies Inc., a clinical stage pharmaceutical company, engages in the research and development of photo dynamic compounds (PDCs) and their associated drug formulations to treat cancers, bacteria, and viruses in Canada, the United States, and internationally. It also designs, develops, manufactures, and markets patented and proprietary super-pulsed laser technology for the healing of chronic knee pain, as well as for off-label use to heal various nerve, muscle, and joint conditions. In addition, the company develops TLD-1433, which is in Phase II for the treatment of Bacillus Calmette GuÃ©rin - Unresponsive Carcinoma In-Situ non-muscle invasive bladder cancer. Further, its product candidates include TLC-2000, a superpulsed and visible red laser technology accelerates healing by reducing pain and inflammation while staying below the Maximal Permissible Exposure limit for tissue, as well as related accessories. Additionally, it provides controller-less cool laser therapy systems comprising TLC-900, TLC-300, and TLC-100. The company has research agreements with the University of Manitoba Medical Microbiology department for the development of a coronavirus vaccine and therapy; and the National Microbiology Laboratory and Public Health Agency of Canada for the research and development of a Canadian-based SARS-CoV-2 vaccine. It sells its products to healthcare practitioners. The company was incorporated in 1989 and is based in Toronto, Canada.","{'maxAge': 1, 'name': 'Ms. Kristina  Hachey CPA', 'title': 'CFO & Director', 'fiscalYear': 2022, 'totalPay': 260000, 'exercisedValue': 0, 'unexercisedValue': 0}",1672444800,86400,4,0.21,0.195,0.195,0.2,0.21,0.195,0.195,0.2,47900,47900,98898,117690,117690,0.21,47025600,0.16,0.4,45.5557,0.1842,0.22825,CAD,48150900,,212192160,235128000,13033,56443,1703808000,1706659200,0.08038,2.00E-05,0.8,235128000,0.007,1672444800,1703980800,1696032000,-4463057,-0.02,46.646,-11.257,-0.44736844,0.25222528,VAN,EQUITY,TLT.V,TLT.V,THERALASE TECHNOLOGIES INC.,Theralase Technologies Inc.,1202913000,America/Toronto,EST,2dc6f770-7ab2-3ce3-90b4-fd865946fb6a,finmb_876154,-18000000,0.2,buy,235016,0.001,-4277326,409137,0.647,1.215,1032266,0.005,-0.70704,-1947725,-3928170,0.077,0.53012,,-3.6250901,CAD,,TLT.V,2024-02-21,416-699-5273,,1.69,-4,0.195,0.0004,28.571428,-0.05,2,25.072,-1.68791,416-699-5250,,,,,,,,,,,,,,,,,,,,,,,,,0.405,1230508800,
510 Burrard Street,Suite 575,Vancouver,BC,V6C 3A8,Canada,https://www.jackpotdigital.com,Gambling,gambling,Gambling,Consumer Cyclical,consumer-cyclical,Consumer Cyclical,"Jackpot Digital Inc. develops, markets, and leases electronic table games to casino operators. It offers multiplayer gaming products, such as poker and casino games to the cruise ship and regulated casino industries. The company also develops and licenses iGaming platform with HTML5 poker, casino, and bingo games. Its iGaming platform offers remote gaming systems, including poker platform that offers poker games, such as Fixed Limit, Pot Limit, and No-Limit Texas Hold'em, as well as Fast Fold and Chinese Poker; casino table games comprising blackjack, baccarat, American roulette, and European roulette for touch-based devices; slot machine games with reels, paylines, and free spins; and JSON-based API. In addition, the company provides Jackpot Blitz, an electronic table game platform; PokerPro, an automated electronic poker solution for the gaming floor; and ProCore, an electronic table game. Further, it offers infrastructure and security solutions; Web design services; and backend management system that enables operators to manage their online gaming operations with real-time data. The company was formerly known as Las Vegas From Home.com Entertainment Inc. and changed its name to Jackpot Digital Inc. in June 2015. Jackpot Digital Inc. was incorporated in 1980 and is headquartered in Vancouver, Canada.","{'maxAge': 1, 'name': 'Mr. Jacob Hagop Kalpakian', 'age': 55, 'title': 'Co-Founder, President, CEO & Director', 'yearBorn': 1968, 'fiscalYear': 2022, 'totalPay': 407030, 'exercisedValue': 0, 'unexercisedValue': 0}",1672444800,86400,4,0.07,0.075,0.07,0.075,0.07,0.075,0.07,0.075,136306,136306,75691,51000,51000,0.07,9337510,0.06,0.1,4.647708,0.071,0.0737,CAD,16318667,-1.78177,112347356,133393000,1235,32669,1703808000,1706659200,0.01284,0.14491001,0.65,133393000,-0.071,1672444800,1703980800,1696032000,-3579668,-0.03,8.123,-6.892,,0.25222528,VAN,EQUITY,JJ.V,JJ.V,JACKPOT DIGITAL INC,Jackpot Digital Inc.,839511000,America/Toronto,EST,60cf73a0-c751-3e2b-b896-f8c3f8818d85,finmb_403995,-18000000,0.07,none,987285,0.007,-2367880,7968461,0.201,0.226,2009057,0.015,-0.35182,-1970204,-1659712,0.26,0.82113,-1.1786,-1.9296001,CAD,,JJ.V,2024-02-21,604-681-0204,,2.129,,0.065,0.0003,,,,,,604-681-9428,,,,,,1:10,1588291200,,,,,,,,,,,,,,,,,,,,
250-200 Burrard Street,,Vancouver,BC,V6C 3L6,Canada,https://www.nevadacopper.com,Copper,copper,Copper,Basic Materials,basic-materials,Basic Materials,"Nevada Copper Corp. engages in the exploration, development, and operation of mineral properties in Nevada. The company explores for copper, iron magnetite, gold, and silver ores. It holds 100% interests in the Pumpkin Hollow property that consist of approximately 24,300 acres of contiguous mineral rights located in northwestern Nevada, the United States. Nevada Copper Corp. was incorporated in 1999 and is based in Vancouver, British Columbia.","{'maxAge': 1, 'name': 'Mr. Randy Earl Buffington', 'age': 63, 'title': 'President, CEO & Director', 'yearBorn': 1960, 'fiscalYear': 2022, 'totalPay': 671053, 'exercisedValue': 0, 'unexercisedValue': 0}",1672444800,86400,4,0.07,0.07,0.065,0.07,0.07,0.07,0.065,0.07,317701,317701,212132,513790,513790,0.07,90969448,0.065,0.39,Infinity,0.1208,0.16965,CAD,299984768,,351574736,1399529984,284956,222546,1703808000,1706659200,0.52169,0.00069,1.93,1399529984,0.18,1672444800,1703980800,1696032000,-79000000,-0.07,,-4.87,-0.8055556,0.25222528,TOR,EQUITY,NCU.TO,NCU.TO,NEVADA COPPER CORP.,Nevada Copper Corp.,1187357400,America/Toronto,EST,ca7b32d6-3746-3fbe-911c-f3d25c98160c,finmb_26580898,-18000000,0.065,hold,1584000,0.001,-61598000,203602000,0.021,0.227,,,-0.059499998,-265604256,-54635000,,,,,USD,,NCU.TO,2024-02-21,775 463 3510,,2.682,-6.5,0.065,0.0002,0.36111107,-0.01,3,80.94,-0.36373,,0.2,0.09,0.15,0.15,2,1:10,1632182400,,,,,,,,,,,,,,,,,,,,
140 - 4th Avenue SW,Suite 1440,Calgary,AB,T2P 3N3,Canada,https://www.decibelcc.com,Drug Manufacturers - Specialty & Generic,drug-manufacturers-specialty-generic,Drug Manufacturers - Specialty & Generic,Healthcare,healthcare,Healthcare,"Decibel Cannabis Company Inc., an integrated cannabis company, engages in the cannabis cultivation, processing, and sale of cannabis flower products in Canada. It is also involved in the extraction, processing, and manufacturing vape cartridges and glass tube packaging for pre-rolls. In addition, the company engages in the cannabis retail business through operating operational retail locations in Saskatchewan, as well as an e-commerce cannabis platform throughout the Province of Saskatchewan; and operational retail locations in Alberta. It offers its products under the Qwest, Prairie Records, Blendcraft, and General Admission brands. The company is headquartered in Calgary, Canada.","{'maxAge': 1, 'name': 'Mr. Paul  Wilson', 'age': 63, 'title': 'Chief Executive Officer', 'yearBorn': 1960, 'fiscalYear': 2022, 'totalPay': 556649, 'exercisedValue': 0, 'unexercisedValue': 0}",1672444800,86400,4,0.12,0.125,0.12,0.125,0.12,0.125,0.12,0.125,42200,42200,199783,210280,210280,0.13,49084680,0.105,0.185,0.4304843,0.1312,0.13954,CAD,93061000,-0.032679997,396566400,409039008,142020,178370,1703808000,1706659200,0.01074,0.01121,0.26,409039008,0.115,1672444800,1703980800,1696032000,-3726000,-0.01,0.816,18.07,-0.19999999,0.25222528,VAN,EQUITY,DB.V,DB.V,DECIBEL CANNABIS COMPANY INC,Decibel Cannabis Company Inc.,1551709800,America/Toronto,EST,6fffeb3e-34c6-37e1-9dbd-d0075b909465,finmb_549865663,-18000000,0.12,buy,3391000,0.008,5150000,47372000,0.414,1.262,114022000,0.28,0.00986,6594125,5060000,0.648,0.32186002,0.04517,0.12269,CAD,,DB.V,2024-02-21,587-664-0300,,1.06,2.3999999,0.115,0.0001,1.0434783,0.05,2,100.35,-0.076519996,,0.6,0.35,0.45,0.4,3,,,,,,,,,,,-0.92,-0.913,,,,,,,,,,
60 Airport Road,Lake Simcoe Regional Airport,Oro-Medonte,ON,L0L 2E0,Canada,https://volatusaerospace.com,Aerospace & Defense,aerospace-defense,Aerospace & Defense,Industrials,industrials,Industrials,"Volatus Aerospace Corp. provides integrated drone solutions for commercial and defense markets in Canada, the United States, Latin America, and rest of Europe. The company offers drone services comprising of infrastructure inspection, mapping, survey, and imaging; public safety and defense equipment; and drone cargo and delivery solutions. It also provides pilot certification, flight skills, equipment training, beyond-visual-line-of-sight readiness services. In addition, the company offers client in-house program development, operational manuals, safety systems, waivers and SFOCs, OEM equipment testing, and certification consulting related services, as well as engaged in GIS related solutions. Further, it researches and develops, manufactures, tests, and commercializes various technologies. Additionally, the company offers public safety, aircraft management, charter, and cargo services. Volatus Aerospace Corp. is based in Oro-Medonte, Canada.","{'maxAge': 1, 'name': 'Mr. Glen  Lynch', 'age': 59, 'title': 'President, CEO & Director', 'yearBorn': 1964, 'fiscalYear': 2022, 'totalPay': 350000, 'exercisedValue': 0, 'unexercisedValue': 0}",1672444800,86400,4,0.1,0.1,0.1,0.1,0.1,0.1,0.1,0.1,5500,5500,49401,18050,18050,0.11,12557900,0.1,0.44,0.3975913,0.1304,0.2061,CAD,29699840,-0.34660998,47076332,125579000,841,1277,1703808000,1706659200,0.6304,0.00107,0.01,125579000,0.067,1672444800,1703980800,1696032000,-10947599,-0.09,0.94,-4.315,-0.67741936,0.25222528,VAN,EQUITY,VOL.V,VOL.V,VOLATUS AEROSPACE CORP,Volatus Aerospace Corp.,1202913000,America/Toronto,EST,43fd8789-9afb-3513-bff8-782b1ccc7f79,finmb_686952555,-18000000,0.1,buy,1153489,0.009,-6882630,18666284,0.832,1.588,31584948,0.274,-0.19925,-9411125,-5649929,-0.256,0.32794,-0.21791,-0.20596,CAD,,VOL.V,2024-02-21,855-943-5603,,0.168,-3.3333335,0.1,,1.4925373,-0.03,2,230.151,-1.03426,,0.92,0.92,0.92,0.92,1,338:1000,1641254400,,,,,,,,,,,,,,,,,,,,
"400, 750 - 11 Street ,SW",,Calgary,AB,T2P 3N7,Canada,https://www.avantihelium.com,Oil & Gas E&P,oil-gas-e-p,Oil & Gas E&P,Energy,energy,Energy,"Avanti Helium Corp. acquires, explores, and develops helium projects in Canada and the United States. The company's principal project is its 100% owned Greater Knappen Project, which covers an area of approximately 70,140 acres located in the Southern Alberta and Northwestern Montana. The company was formerly known as Avanti Energy Inc. and changed its name to Avanti Helium Corp. in August 2022. Avanti Helium Corp. was incorporated in 2011 and is headquartered in Calgary, Canada.","{'maxAge': 1, 'name': 'Mr. Chris  Bakker', 'title': 'CEO & Director', 'fiscalYear': 2022, 'totalPay': 180000, 'exercisedValue': 0, 'unexercisedValue': 0}",1672444800,86400,4,0.48,0.48,0.465,0.495,0.48,0.48,0.465,0.495,20815,20815,131831,87880,87880,0.485,38992668,0.36,0.79,,0.4681,0.510825,CAD,37904404,,74766086,83855200,100321,40547,1703808000,1706659200,0.05342,0.00878,0.68,83855200,0.369,1672444800,1703980800,1696032000,-5939823,-0.08,,-6.982,-0.29411763,0.25222528,VAN,EQUITY,AVN.V,AVN.V,AVANTI HELIUM CORP,Avanti Helium Corp.,1335792600,America/Toronto,EST,eab09f1e-0ea1-3a6c-a80c-c08dc87fdbf3,finmb_133369189,-18000000,0.465,buy,263083,0.003,-5428565,166531,0.115,0.132,,,-0.1283,-12343853,-2942750,,,,,CAD,,AVN.V,2024-02-21,403 384 0401,,1.297,6.642857,0.465,0.0012,1.2601627,0.07,2,0.57,-0.23341998,,1.9,1.9,1.9,1.9,1,2:01,1607644800,,,,,,,,,,,,,,,,,,,,
885 West Georgia St.,Suite 2200,Vancouver,BC,V6C 3E8,Canada,https://www.wonder.fi,Software - Application,software-application,Software - Application,Technology,technology,Technology,"WonderFi Technologies Inc. owns and operates crypto asset trading platforms comprising Bitbuy, Coinsquare, CoinSmart, and Coinberry. The company provides SmartPay, a digital asset payment processing platform. It also offers digital asset trading ecosystems comprising a range of products and services, including advanced traders, institutions and corporate clients, and retail clients, as well as staking and corporate crypto services. WonderFi Technologies Inc. is based in Vancouver, Canada.","{'maxAge': 1, 'name': 'Mr. Dean  Skurka', 'title': 'President, CEO & Director', 'exercisedValue': 0, 'unexercisedValue': 0}",,86400,4,0.245,0.25,0.25,0.26,0.245,0.25,0.25,0.26,1044013,1044013,1327406,1021431,1021431,0.255,165975936,0.11,0.345,7.07021,0.25765,0.1874375,CAD,137063728,-1.87368,564051485,650886016,5020861,793104,1703808000,1706659200,0.09551,0.00369,0.1,650886016,0.153,1672444800,1703980800,1696032000,-42204304,-0.34,5.839,-4.803,0.28947365,0.25222528,TOR,EQUITY,WNDR.TO,WNDR.TO,WONDERFI TECHNOLOGIES INC,WonderFi Technologies Inc.,1630416600,America/Toronto,EST,0dc3e3e9-5c8a-3a49-8236-5e175093b567,finmb_1831972957,-18000000,0.255,strong_buy,25063720,0.039,-28538630,2660319,0.04,1.037,23475390,0.036,,,-38959480,1.974,0.85989,-1.21568,-0.49959,CAD,,WNDR.TO,2024-02-21,,93,,Infinity,0.25,0.0003,1.6666666,,1.5,2.668,,,0.5,0.5,0.5,0.5,2,,,,,,,,,,,,,,,,,,,,,,
550 Burrard Street,Suite 2900,Vancouver,BC,V6C OA3,Canada,https://wildpackbev.com,Specialty Business Services,specialty-business-services,Specialty Business Services,Industrials,industrials,Industrials,"Wildpack Beverage Inc. engages in filling, decorating, and brokering of aluminum cans in Canada and the United States. The company operates through Filling, Decorating, Brokering, and Corporate segments. The company offers can sleeving and labelling; beverage co-packing; can packaging products, such as brite cans, can ends, printed cans, paktech carriers, and case trays; and private label packaging services. It is also involved in brokering of packaging materials, and printing labels and sleeves; and provision of graphic design, warehousing, packaging engineering support, logistics, and material selection consultation services. The company was formerly known as Ponderous Panda Capital Corporation and changed its name to Wildpack Beverage Inc. The company is based in Vancouver, Canada.","{'maxAge': 1, 'name': 'Mr. Mitchell  Barnard', 'title': 'CEO & Director', 'fiscalYear': 2022, 'totalPay': 669942, 'exercisedValue': 0, 'unexercisedValue': 0}",1672444800,86400,4,0.085,0.085,0.085,0.085,0.085,0.085,0.085,0.085,5000,5000,25814,4800,4800,0.09,8515640,0.04,0.35,0.16272028,0.0676,0.1057,CAD,68223624,-0.67598,42005051,100184000,10165,11982,1703808000,1706659200,0.38368,0.059499998,0.13,100184000,-0.134,1672444800,1703980800,1696032000,-35376000,-0.44,1.304,-4.042,-0.14999998,0.25222528,VAN,EQUITY,CANS.V,CANS.V,WILDPACK BEVERAGE INC,Wildpack Beverage Inc.,1621517400,America/Toronto,EST,4340ed88-2b1b-32d5-8b56-b638a4f39d70,finmb_641020075,-18000000,0.085,buy,1075000,0.011,-16878000,60783000,0.547,0.862,52333000,0.475,-0.18566,-13399625,-14956000,0.808,0.0836,-0.32251,-0.22983,USD,,CANS.V,2024-02-21,833-999-7225,,0.553,-1.0625,0.07,0.0001,,-0.08,2,,,,,,,,,,,,,,,,,,,,,,,,,,,,,,
666 Burrard Street,Suite 2500,Vancouver,BC,V6C 2X8,Canada,https://wellfield.io,Software - Application,software-application,Software - Application,Technology,technology,Technology,"Wellfield Technologies Inc., together with its subsidiaries, engages in the development of blockchain and decentralized financial services for institutions and consumers. It operates platforms that provides users to buy and sell cryptocurrencies. The company offers its products under the Seamless, Coinmama, and MoneyClip brands. Wellfield Technologies Inc. was incorporated in 2021 and is based in Vancouver, Canada.","{'maxAge': 1, 'name': 'Mr. Levy  Cohen', 'title': 'CEO & Director', 'fiscalYear': 2023, 'totalPay': 274500, 'exercisedValue': 0, 'unexercisedValue': 0}",1703980800,86400,4,0.08,0.075,0.075,0.08,0.08,0.075,0.075,0.08,771720,771720,428151,924459,924459,0.08,12982501,0.075,0.37,0.114415534,0.128,0.183175,CAD,16485376,-0.092889994,144086880,173100000,337167,216112,1703808000,1706659200,0.17297001,,0.89,173100000,0.104,1680220800,1711843200,1696032000,-10540099,-0.34,0.145,-1.059,-0.7037037,0.25222528,VAN,EQUITY,WFLD.V,WFLD.V,WELLFIELD TECHNOLOGIES INC,Wellfield Technologies Inc.,1638282600,America/Toronto,EST,7c7eafbf-d8ec-3e56-af88-5d6d0755eafe,finmb_716307885,-18000000,0.075,none,269865,0.002,-15570601,2907225,0.265,0.427,113467992,0.795,,,-10211530,-0.41,0.02563,-0.13722,-0.22996001,CAD,,WFLD.V,2024-02-21,,,3.664,,0.07,0.0019,0.72115386,,,16.167,,,,,,,,,,,,,,,,,,,,,,,,,,,,,
100 King Street West,Suite 3400 One First Canadian Place,Toronto,ON,M5X 1A4,Canada,https://www.tokens.com,Capital Markets,capital-markets,Capital Markets,Financial Services,financial-services,Financial Services,"Tokens.com Corp. provides blockchain verification services through proof-of-stake technology. The company's technology secures blockchain networks through proof-of-stake technology to support the growth of decentralized finance applications. It also provides web3 technology services for metaverses, non-fungible tokens, and ecomm3, as well as consulting services; and builds web3 games. Tokens.com Corp. is based in Toronto, Canada.","{'maxAge': 1, 'name': 'Mr. Andrew  Kiguel', 'title': 'Co-Founder, CEO & Director', 'fiscalYear': 2022, 'totalPay': 295518, 'exercisedValue': 0, 'unexercisedValue': 0}",1672444800,86400,4,0.115,0.115,0.105,0.115,0.115,0.115,0.105,0.115,362330,362330,355050,473666,473666,0.11,13173820,0.08,0.3,16.315905,0.1365,0.16054,CAD,10890721,,103262037,119762000,,,,,0.13294,0.025559999,,135383008,0.092,1696032000,1727654400,1703980800,-5962445,-0.12,13.488,,-0.53999996,0.25222528,NEO,EQUITY,COIN.NE,COIN.NE,TOKENS.COM CORP.,Tokens.com Corp.,1619789400,America/Toronto,EST,9750fdc0-19e5-32c7-acb2-6fe004528823,finmb_701467682,-18000000,0.11,none,3016357,0.025,,125000,4.34,4.4,807422,0.007,-0.12594,-1248303,-2424636,0.441,0.60763,,-2.72577,USD,,COIN.NE,2024-02-21,,,3.182,,0.105,,1.1956521,,,1.131,-0.45738,,,,,,,,,,,,,,,,,,,,,,,,,,,,
1030 West Georgia Street,Suite 1830,Vancouver,BC,V6E 4A2,Canada,https://www.uraniumroyalty.com,Uranium,uranium,Uranium,Energy,energy,Energy,"Uranium Royalty Corp. operates as a pure-play uranium royalty company. It acquires, accumulates, and manages a portfolio of geographically diversified uranium interests. The company has royalty interests in the McArthur River, Cigar Lake / Waterbury Lake, Roughrider, Russell Lake, Russell Lake south, and Dawn Lake projects in Saskatchewan, Canada; Anderson and San Rafael projects in Arizona; Lance and Reno Creek projects in Wyoming; Church Rock and Roca Honda projects in New Mexico; Dewey-Burdock project in South Dakota; Slick Rock project in Colorado; Langer Heinrich project in Namibia; and Michelin project in Newfoundland and Labrador, Canada; Energy Queen and Whirlwind project in Utah; and Workman Creek projects in Arizona. Uranium Royalty Corp. was incorporated in 2017 and is headquartered in Vancouver, Canada.","{'maxAge': 1, 'name': 'Mr. Scott Eric Melbye', 'age': 61, 'title': 'CEO, President & Director', 'yearBorn': 1962, 'fiscalYear': 2023, 'totalPay': 174013, 'exercisedValue': 0, 'unexercisedValue': 0}",1703980800,86400,4,3.82,3.82,3.66,3.89,3.82,3.82,3.66,3.89,322237,322237,235213,256390,256390,3.69,438418208,2.45,5.05,15.028733,4.019,3.44295,CAD,362053152,0.045250002,93055378,119460000,889053,589893,1703808000,1706659200,0.17556,0.15736,2.68,119460000,2.084,1682812800,1714435200,1698710400,1320000,0.01,12.411,266.411,0.20886075,0.25222528,TOR,EQUITY,URC.TO,URC.TO,URANIUM ROYALTY CORP,Uranium Royalty Corp.,1576074600,America/Toronto,EST,f56d5770-8568-32a6-b839-e659ad97c86f,finmb_540293252,-18000000,3.67,buy,68597000,0.608,1359000,,70.573,193.597,29172000,0.291,0.00486,9571375,-21311000,,0.24280001,0.04659,0.093030006,CAD,,URC.TO,2024-02-21,604 396 8222,13,1.736,,3.69,0.0071,1.7610364,,2,,0.00653,,6.75,6.4,6.55,6.5,3,,,,,,,,,,,,,367.00003,,,,,,,,,
800 West Pender St,Suite 1430,Vancouver,BC,V6C 2V6,Canada,https://www.crossriverventures.com,Gold,gold,Gold,Basic Materials,basic-materials,Basic Materials,"Cross River Ventures Corp. engages in the identification, evaluation, acquisition, and exploration of mineral properties. The company primarily explores for gold deposits. It holds interest in the McVicar lake property, Uchi Belt properties, and the Manitou project located in Northwestern Ontario, Canada. The company was incorporated in 2017 and is headquartered in Vancouver, Canada.","{'maxAge': 1, 'name': 'Mr. Sam  Wong', 'title': 'CEO, Corporate Secretary & Director', 'exercisedValue': 0, 'unexercisedValue': 0}",,86400,4,0.005,,0.005,0.005,0.005,,0.005,0.005,,,117707,167444,167444,0.01,443101,0.005,0.055,,0.0083,0.0132,CAD,166794,,86779559,88620200,75,1061,1702598400,1705276800,0.04927,,,177240000,0.012,1675123200,1706659200,1698710400,-2081171,-0.03,,,-0.9090909,0.25222528,CNQ,EQUITY,CRVC.CN,CRVC.CN,CrossRiverVent,Cross River Ventures Corp.,1594819800,America/Toronto,EST,62cbb0cb-6b89-3873-ac73-393ac82c849e,finmb_559549125,-18000000,0.005,none,276307,0.003,,,0.197,0.222,,,-0.36106998,-645805,-1517665,,,,,CAD,,CRVC.CN,2024-02-21,604-227-6610,,1.538,,0.005,,0.41666666,,,,-1.2906,,,,,,,,,,,,,,,,,,,,,,,,,,,,
303-750 West Pender Street,,Vancouver,BC,V6C 2T7,Canada,https://www.blackhawkgrowth.com,Asset Management,asset-management,Asset Management,Financial Services,financial-services,Financial Services,"Blackhawk Growth Corp is a publicly owned investment manager. It invests in public equity and fixed income markets across North America. It focuses on investing in cannabis and CBD industries, in both Canada and the United States. The company was formerly known as Blackhawk Resource Corp. Blackhawk Growth Corp was incorporated in 1986 and is based in Calgary, Canada.","{'maxAge': 1, 'name': 'Mr. Marc A. Lowenstein', 'title': 'Chief Financial Officer', 'fiscalYear': 2021, 'totalPay': 18000, 'exercisedValue': 0, 'unexercisedValue': 0}",1640908800,86400,4,0.015,0.02,0.02,0.02,0.015,0.02,0.02,0.02,10000,10000,51073,44692,44692,0.02,1559912,0.005,0.18,-0.07992624,0.0165,0.0183875,CAD,2013888,,71725003,77995600,102,1383,1697155200,1702598400,0.015149999,,0.01,103994000,-0.011,1688083200,1719705600,1696032000,-20190264,-0.26,-0.103,,-0.89285713,0.25222528,CNQ,EQUITY,BLR.CN,BLR.CN,BlackhawkGrow,Blackhawk Growth Corp.,938698200,America/Toronto,EST,f2a2c2b1-8d68-338f-b235-c659548e3f3d,finmb_881126,-18000000,0.02,none,1906000,0.024,,2746108,10.618,10.618,-19516896,-0.25,-0.81464994,-12746884,-423499,,,,1.0329499,CAD,,BLR.CN,2024-02-21,403 262 7310,,0.443,,0.015,0.0016,,,,,-1.5638001,403 265 3565,,,,,,1:25,1606694400,,,,,,,,,,,,,,1482883200,,,,0.02625,1482883200,
1305-1090 West Georgia Street,,Vancouver,BC,V6E 3V7,Canada,https://www.eatwellgroup.com,Asset Management,asset-management,Asset Management,Financial Services,financial-services,Financial Services,"Eat Well Investment Group Inc., a plant-based foods investment company, primarily focuses on the agribusiness, food tech, plant-based, media, and consumer packaged goods sectors. Eat Well Investment Group Inc. was incorporated in 2007 and is based in Vancouver, Canada.","{'maxAge': 1, 'name': 'Mr. Marc Anthony Aneed', 'title': 'CEO, President & Director', 'fiscalYear': 2022, 'totalPay': 379260, 'exercisedValue': 0, 'unexercisedValue': 0}",1672444800,86400,4,0.17,,0.17,0.17,0.17,,0.17,0.17,,,,,,0.195,26650728,0.16,0.3,6.0804276,0.17,0.17165,CAD,12747771,,143810517,156768992,701,701,1702598400,1705276800,0.08266,,,156768992,0.082,1638230400,1669766400,1661904000,-55017208,-0.54,2.908,,-0.34615386,0.25222528,CNQ,EQUITY,EWG.CN,EWG.CN,EatWellInvestGp,Eat Well Investment Group Inc.,1234189800,America/Toronto,EST,09345fff-2cad-3e18-9bc0-ff1677b8ac59,finmb_41102145,-18000000,0.17,buy,62590644,0.399,,48687680,1.328,1.33,4383035,0.032,-0.08201,-10041960,-7486288,24.515,1,,0.51589,CAD,,EWG.CN,2024-02-21,604-685-9316,,-0.303,3.4,0.18,,2.0731707,0.05,2,378.051,-4.7041903,,1.2,1.2,1.2,1.2,1,,,,,,,,,,,,,,,,,,,,,,
